-- MySQL dump 10.13  Distrib 5.7.20, for osx10.13 (x86_64)
--
-- Host: localhost    Database: rotten_tomatoes
-- ------------------------------------------------------
-- Server version	5.7.20

/*!40101 SET @OLD_CHARACTER_SET_CLIENT=@@CHARACTER_SET_CLIENT */;
/*!40101 SET @OLD_CHARACTER_SET_RESULTS=@@CHARACTER_SET_RESULTS */;
/*!40101 SET @OLD_COLLATION_CONNECTION=@@COLLATION_CONNECTION */;
/*!40101 SET NAMES utf8 */;
/*!40103 SET @OLD_TIME_ZONE=@@TIME_ZONE */;
/*!40103 SET TIME_ZONE='+00:00' */;
/*!40014 SET @OLD_UNIQUE_CHECKS=@@UNIQUE_CHECKS, UNIQUE_CHECKS=0 */;
/*!40014 SET @OLD_FOREIGN_KEY_CHECKS=@@FOREIGN_KEY_CHECKS, FOREIGN_KEY_CHECKS=0 */;
/*!40101 SET @OLD_SQL_MODE=@@SQL_MODE, SQL_MODE='NO_AUTO_VALUE_ON_ZERO' */;
/*!40111 SET @OLD_SQL_NOTES=@@SQL_NOTES, SQL_NOTES=0 */;

--
-- Table structure for table `celebToMovie`
--

DROP TABLE IF EXISTS `celebToMovie`;
/*!40101 SET @saved_cs_client     = @@character_set_client */;
/*!40101 SET character_set_client = utf8 */;
CREATE TABLE `celebToMovie` (
  `celebId` int(11) NOT NULL,
  `movieId` char(255) NOT NULL
) ENGINE=InnoDB DEFAULT CHARSET=utf8;
/*!40101 SET character_set_client = @saved_cs_client */;

--
-- Dumping data for table `celebToMovie`
--

LOCK TABLES `celebToMovie` WRITE;
/*!40000 ALTER TABLE `celebToMovie` DISABLE KEYS */;
INSERT INTO `celebToMovie` VALUES (1,'V2FyIE1hY2hpbmU='),(1,'VGhlIExvc3QgQ2l0eSBvZiBa'),(1,'QWxsaWVk'),(1,'TW9vbmxpZ2h0'),(1,'Vm95YWdlIG9mIFRpbWU6IFRoZSBJTUFYIEV4cGVyaWVuY2U='),(1,'Vm95YWdlIG9mIFRpbWU6IExpZmUncyBKb3VybmV5'),(1,'VGhlIEJpZyBTaG9ydA=='),(1,'QnkgVGhlIFNlYQ=='),(1,'VHJ1ZSBTdG9yeQ=='),(1,'U2VsbWE='),(1,'TmlnaHRpbmdhbGU='),(1,'RnVyeQ=='),(1,'QmlnIE1lbg=='),(1,'VGhlIE5vcm1hbCBIZWFydA=='),(1,'VGhlIENvdW5zZWxvcg=='),(1,'MTIgWWVhcnMgYSBTbGF2ZQ=='),(1,'S2ljay1Bc3MgMg=='),(1,'V29ybGQgV2FyIFo='),(1,'S2lsbGluZyBUaGVtIFNvZnRseQ=='),(1,'SGFwcHkgRmVldCBUd28='),(1,'TW9uZXliYWxs'),(1,'VGhlIFRyZWUgb2YgTGlmZQ=='),(1,'TWVnYW1pbmQ='),(1,'RWF0IFByYXkgTG92ZQ=='),(1,'S2ljay1Bc3M='),(1,'VGhlIFByaXZhdGUgTGl2ZXMgb2YgUGlwcGEgTGVl'),(1,'SW5nbG91cmlvdXMgQmFzdGVyZHM='),(1,'VGhlIFRpbWUgVHJhdmVsZXIncyBXaWZl'),(1,'VGhlIEN1cmlvdXMgQ2FzZSBvZiBCZW5qYW1pbiBCdXR0b24='),(1,'QnVybiBBZnRlciBSZWFkaW5n'),(1,'VGhlIEFzc2Fzc2luYXRpb24gb2YgSmVzc2UgSmFtZXMgYnkgdGhlIENvd2FyZCBSb2JlcnQgRm9yZA=='),(1,'T2NlYW4ncyBUaGlydGVlbg=='),(1,'WWVhciBvZiB0aGUgRG9n'),(1,'R29kIEdyZXcgVGlyZWQgT2YgVXM='),(1,'SGFwcHkgRmVldA=='),(1,'QmFiZWw='),(1,'UnVubmluZyBXaXRoIFNjaXNzb3Jz'),(1,'VGhlIERlcGFydGVk'),(1,'TXIuICYgTXJzLiBTbWl0aA=='),(1,'T2NlYW4ncyBUd2VsdmU='),(1,'VHJveQ=='),(1,'Q29uZmVzc2lvbnMgb2YgYSBEYW5nZXJvdXMgTWluZA=='),(1,'U2luYmFkOiBMZWdlbmQgb2YgdGhlIFNldmVuIFNlYXM='),(1,'RnVsbCBGcm9udGFs'),(1,'T2NlYW4ncyBFbGV2ZW4='),(1,'U3B5IEdhbWU='),(1,'VGhlIE1leGljYW4='),(1,'U25hdGNo'),(1,'QmVpbmcgSm9obiBNYWxrb3ZpY2g='),(1,'RmlnaHQgQ2x1Yg=='),(1,'TWVldCBKb2UgQmxhY2s='),(1,'U2V2ZW4gWWVhcnMgaW4gVGliZXQ='),(1,'VGhlIERldmlsJ3MgT3du'),(1,'U2xlZXBlcnM='),(1,'VHdlbHZlIE1vbmtleXMgKDEyIE1vbmtleXMp'),(1,'U2V2ZW4gKFNlN2VuKQ=='),(1,'TGVnZW5kcyBvZiB0aGUgRmFsbA=='),(1,'SW50ZXJ2aWV3IHdpdGggdGhlIFZhbXBpcmU='),(1,'VGhlIEZhdm9y'),(1,'VHJ1ZSBSb21hbmNl'),(1,'S2FsaWZvcm5pYQ=='),(1,'QSBSaXZlciBSdW5zIFRocm91Z2ggSXQ='),(1,'Q29vbCBXb3JsZA=='),(1,'Sm9obm55IFN1ZWRl'),(1,'VGhlbG1hICYgTG91aXNl'),(1,'Q3V0dGluZyBDbGFzcw=='),(2,'SW5jcmVkaWJsZXMgMg=='),(2,'VGhlIEhpdG1hbidzIEJvZHlndWFyZA=='),(2,'S29uZzogU2t1bGwgSXNsYW5k'),(2,'SSBBbSBOb3QgWW91ciBOZWdybw=='),(2,'eFh4OiBSZXR1cm4gb2YgWGFuZGVyIENhZ2U='),(2,'VGhlIFVuaWNvcm4gU3RvcmU='),(2,'TWlzcyBQZXJlZ3JpbmUncyBIb21lIGZvciBQZWN1bGlhciBDaGlsZHJlbg=='),(2,'Q2VsbA=='),(2,'VGhlIExlZ2VuZCBvZiBUYXJ6YW4='),(2,'VGhlIEhhdGVmdWwgRWlnaHQ='),(2,'Q2hpLVJhcQ=='),(2,'QmlnIEdhbWU='),(2,'QmFyZWx5IExldGhhbA=='),(2,'QXZlbmdlcnM6IEFnZSBvZiBVbHRyb24='),(2,'S2luZ3NtYW46IFRoZSBTZWNyZXQgU2VydmljZQ=='),(2,'S2l0ZQ=='),(2,'Q2FwdGFpbiBBbWVyaWNhOiBUaGUgV2ludGVyIFNvbGRpZXI='),(2,'Um9ib0NvcA=='),(2,'UmVhc29uYWJsZSBEb3VidA=='),(2,'T2xkYm95'),(2,'VHVyYm8='),(2,'WmFtYmV6aWE='),(2,'RGphbmdvIFVuY2hhaW5lZA=='),(2,'VGhlIFNhbWFyaXRhbg=='),(2,'TWVldGluZyBFdmls'),(2,'TWFydmVsJ3MgVGhlIEF2ZW5nZXJz'),(2,'Q2FwdGFpbiBBbWVyaWNhOiBUaGUgRmlyc3QgQXZlbmdlcg=='),(2,'RGlzbmV5bmF0dXJlIEFmcmljYW4gQ2F0cw=='),(2,'VGhlIE90aGVyIEd1eXM='),(2,'TW90aGVyIGFuZCBDaGlsZA=='),(2,'SXJvbiBNYW4gMg=='),(2,'QXN0cm8gQm95IChBc3Ryb0JveSk='),(2,'VGhlIFNwaXJpdA=='),(2,'U291bCBNZW4='),(2,'TGFrZXZpZXcgVGVycmFjZQ=='),(2,'U3RhciBXYXJzOiBUaGUgQ2xvbmUgV2Fycw=='),(2,'Q2xlYW5lcg=='),(2,'SnVtcGVy'),(2,'R29zcGVsIEhpbGw='),(2,'UmVzdXJyZWN0aW5nIHRoZSBDaGFtcA=='),(2,'MTQwOA=='),(2,'QmxhY2sgU25ha2UgTW9hbg=='),(2,'SG9tZSBvZiB0aGUgQnJhdmU='),(2,'U25ha2VzIG9uIGEgUGxhbmU='),(2,'RnJlZWRvbWxhbmQ='),(2,'VGhlIE1hbg=='),(2,'U3RhciBXYXJzOiBFcGlzb2RlIElJSSAtIFJldmVuZ2Ugb2YgdGhlIFNpdGg='),(2,'eFh4OiBTdGF0ZSBvZiB0aGUgVW5pb24='),(2,'SW4gTXkgQ291bnRyeQ=='),(2,'Q29hY2ggQ2FydGVy'),(2,'VGhlIEluY3JlZGlibGVz'),(2,'S2lsbCBCaWxsOiBWb2x1bWUgMg=='),(2,'VHdpc3RlZA=='),(2,'VW5mb3JnaXZhYmxlIEJsYWNrbmVzczogVGhlIFJpc2UgYW5kIEZhbGwgb2YgSmFjayBKb2huc29u'),(2,'S2lsbCBCaWxsOiBWb2x1bWUgMQ=='),(2,'Tm8gR29vZCBEZWVk'),(2,'Uy5XLkEuVC4='),(2,'QmFzaWM='),(2,'Rm9ybXVsYSA1MQ=='),(2,'WFhY'),(2,'U3RhciBXYXJzOiBFcGlzb2RlIElJIC0gQXR0YWNrIG9mIHRoZSBDbG9uZXM='),(2,'Q2hhbmdpbmcgTGFuZXM='),(2,'VGhlIENhdmVtYW4ncyBWYWxlbnRpbmU='),(2,'VW5icmVha2FibGU='),(2,'U2hhZnQ='),(2,'UnVsZXMgb2YgRW5nYWdlbWVudA=='),(2,'RGVlcCBCbHVlIFNlYQ=='),(2,'VGhlIFJlZCBWaW9saW4gKExlIHZpb2xvbiByb3VnZSk='),(2,'U3RhciBXYXJzOiBFcGlzb2RlIEkgLSBUaGUgUGhhbnRvbSBNZW5hY2U='),(2,'VGhlIE5lZ290aWF0b3I='),(2,'T3V0IG9mIFNpZ2h0'),(2,'U3BoZXJl'),(2,'SmFja2llIEJyb3du'),(2,'T25lIEVpZ2h0IFNldmVu'),(2,'VHJlZXMgTG91bmdl'),(2,'VGhlIExvbmcgS2lzcyBHb29kbmlnaHQ='),(2,'QSBUaW1lIHRvIEtpbGw='),(2,'RXZlJ3MgQmF5b3U='),(2,'VGhlIEdyZWF0IFdoaXRlIEh5cGU='),(2,'SGFyZCBFaWdodA=='),(2,'Rmx1a2U='),(2,'S2lzcyBvZiBEZWF0aA=='),(2,'RGllIEhhcmQ6IFdpdGggYSBWZW5nZWFuY2U='),(2,'TG9zaW5nIElzYWlhaA=='),(2,'UHVscCBGaWN0aW9u'),(2,'VGhlIE5ldyBBZ2U='),(2,'RnJlc2g='),(2,'VHJ1ZSBSb21hbmNl'),(2,'VGhlIE1ldGVvciBNYW4='),(2,'SnVyYXNzaWMgUGFyaw=='),(2,'TWVuYWNlIElJIFNvY2lldHk='),(2,'QW1vcyAmIEFuZHJldw=='),(2,'TmF0aW9uYWwgTGFtcG9vbidzIExvYWRlZCBXZWFwb24gMQ=='),(2,'UGF0cmlvdCBHYW1lcw=='),(2,'V2hpdGUgU2FuZHM='),(2,'SnVpY2U='),(2,'U3RyaWN0bHkgQnVzaW5lc3M='),(2,'Sm9obm55IFN1ZWRl'),(2,'SnVuZ2xlIEZldmVy'),(2,'R29vZEZlbGxhcw=='),(2,'VGhlIEV4b3JjaXN0IElJSQ=='),(2,'QmV0c3kncyBXZWRkaW5n'),(2,'QSBTaG9jayB0byB0aGUgU3lzdGVt'),(2,'TW8nIEJldHRlciBCbHVlcw=='),(2,'RG8gdGhlIFJpZ2h0IFRoaW5n'),(2,'U2VhIG9mIExvdmU='),(2,'Q29taW5nIHRvIEFtZXJpY2E='),(2,'U2Nob29sIERhemU='),(2,'RWRkaWUgTXVycGh5IFJhdw=='),(2,'UmFndGltZQ=='),(3,'VGhlIEZhdm91cml0ZQ=='),(3,'OTB0aCBBY2FkZW15IEF3YXJkcw=='),(3,'QmF0dGxlIG9mIHRoZSBTZXhlcw=='),(3,'TGEgTGEgTGFuZA=='),(3,'SXJyYXRpb25hbCBNYW4='),(3,'QWxvaGE='),(3,'QmlyZG1hbg=='),(3,'TWFnaWMgaW4gdGhlIE1vb25saWdodA=='),(3,'VGhlIEFtYXppbmcgU3BpZGVyLU1hbiAy'),(3,'VGhlIENyb29kcw=='),(3,'TW92aWUgNDM='),(3,'R2FuZ3N0ZXIgU3F1YWQ='),(3,'VGhlIEFtYXppbmcgU3BpZGVyLU1hbg=='),(3,'VGhlIEhlbHA='),(3,'Q3JhenksIFN0dXBpZCwgTG92ZS4='),(3,'RnJpZW5kcyBXaXRoIEJlbmVmaXRz'),(3,'RWFzeSBB'),(3,'TWFybWFkdWtl'),(3,'UGFwZXIgTWFu'),(3,'Wm9tYmllbGFuZA=='),(3,'R2hvc3RzIG9mIEdpcmxmcmllbmRzIFBhc3Q='),(3,'VGhlIEhvdXNlIEJ1bm55'),(3,'VGhlIFJvY2tlcg=='),(3,'U3VwZXJiYWQ='),(4,'TWlzc2lvbjogSW1wb3NzaWJsZSAtIEZhbGxvdXQ='),(4,'SnVzdGljZSBMZWFndWU='),(4,'U2FuZCBDYXN0bGU='),(4,'QmF0bWFuIHYgU3VwZXJtYW46IERhd24gb2YgSnVzdGljZQ=='),(4,'VGhlIE1hbiBGcm9tIFUuTi5DLkwuRS4='),(4,'TWFuIG9mIFN0ZWVs'),(4,'VGhlIENvbGQgTGlnaHQgb2YgRGF5'),(4,'SW1tb3J0YWxz'),(4,'Qmxvb2QgQ3JlZWs='),(4,'V2hhdGV2ZXIgV29ya3M='),(4,'U3RhcmR1c3Q='),(4,'VHJpc3RhbiAmIElzb2xkZQ=='),(4,'SGVsbHJhaXNlcjogSGVsbHdvcmxk'),(4,'SSBDYXB0dXJlIHRoZSBDYXN0bGU='),(4,'VGhlIENvdW50IG9mIE1vbnRlIENyaXN0bw=='),(5,'VGhleSBTaGFsbCBOb3QgR3JvdyBPbGQ='),(5,'VGhlIEhvYmJpdDogVGhlIEJhdHRsZSBvZiB0aGUgRml2ZSBBcm1pZXM='),(5,'VGhlIEhvYmJpdDogVGhlIERlc29sYXRpb24gb2YgU21hdWc='),(5,'V2VzdCBvZiBNZW1waGlz'),(5,'VGhlIEhvYmJpdDogQW4gVW5leHBlY3RlZCBKb3VybmV5'),(5,'VGhlIEFkdmVudHVyZXMgb2YgVGludGlu'),(5,'UmF5IEhhcnJ5aGF1c2VuOiBTcGVjaWFsIEVmZmVjdHMgVGl0YW4='),(5,'VGhlIExvdmVseSBCb25lcw=='),(5,'RGlzdHJpY3QgOQ=='),(5,'SG90IEZ1eno='),(5,'S2luZyBLb25n'),(5,'VGhlIExvcmQgb2YgdGhlIFJpbmdzOiBUaGUgUmV0dXJuIG9mIHRoZSBLaW5n'),(5,'VGhlIExvcmQgb2YgdGhlIFJpbmdzOiBUaGUgVHdvIFRvd2Vycw=='),(5,'VGhlIExvcmQgb2YgdGhlIFJpbmdzOiBUaGUgRmVsbG93c2hpcCBvZiB0aGUgUmluZw=='),(5,'R29kJ3MgQXJteQ=='),(5,'Rm9yZ290dGVuIFNpbHZlcg=='),(5,'VGhlIEZyaWdodGVuZXJz'),(5,'SGVhdmVubHkgQ3JlYXR1cmVz'),(5,'RGVhZCBBbGl2ZQ=='),(5,'TWVldCB0aGUgRmVlYmxlcw=='),(5,'QmFkIFRhc3Rl'),(6,'TWFuZHk='),(6,'VGVlbiBUaXRhbnMgR28hIFRvIHRoZSBNb3ZpZXM='),(6,'MjEx'),(6,'VGhlIEh1bWFuaXR5IEJ1cmVhdQ=='),(6,'TG9va2luZyBHbGFzcw=='),(6,'TW9tIGFuZCBEYWQ='),(6,'SW5jb25jZWl2YWJsZQ=='),(6,'QXJzZW5hbA=='),(6,'VVNTIEluZGlhbmFwb2xpczogTWVuIG9mIENvdXJhZ2U='),(6,'QXJteSBvZiBPbmU='),(6,'RG9nIEVhdCBEb2c='),(6,'U25vd2Rlbg=='),(6,'VGhlIFRydXN0'),(6,'UGF5IHRoZSBHaG9zdA=='),(6,'VGhlIFJ1bm5lcg=='),(6,'T3V0Y2FzdA=='),(6,'RHlpbmcgb2YgdGhlIExpZ2h0'),(6,'TGVmdCBCZWhpbmQ='),(6,'UmFnZQ=='),(6,'Sm9l'),(6,'VGhlIEZyb3plbiBHcm91bmQ='),(6,'VGhlIENyb29kcw=='),(6,'U3RvbGVu'),(6,'U2Vla2luZyBKdXN0aWNl'),(6,'QSBUaG91c2FuZCBXb3Jkcw=='),(6,'R2hvc3QgUmlkZXI6IFNwaXJpdCBvZiBWZW5nZWFuY2U='),(6,'VHJlc3Bhc3M='),(6,'RHJpdmUgQW5ncnk='),(6,'U2Vhc29uIG9mIHRoZSBXaXRjaA=='),(6,'VGhlIFNvcmNlcmVyJ3MgQXBwcmVudGljZQ=='),(6,'S2ljay1Bc3M='),(6,'QmFkIExpZXV0ZW5hbnQ6IFBvcnQgb2YgQ2FsbCBOZXcgT3JsZWFucw=='),(6,'QXN0cm8gQm95IChBc3Ryb0JveSk='),(6,'Ry1Gb3JjZQ=='),(6,'S25vd2luZw=='),(6,'QmFuZ2tvayBEYW5nZXJvdXM='),(6,'TmF0aW9uYWwgVHJlYXN1cmU6IEJvb2sgb2YgU2VjcmV0cw=='),(6,'UGxhbmV0IFRlcnJvciAoR3JpbmRob3VzZSBQcmVzZW50czogUm9iZXJ0IFJvZHJpZ3VleidzIFBsYW5ldCBUZXJyb3Ip'),(6,'TmV4dA=='),(6,'R3JpbmRob3VzZQ=='),(6,'R2hvc3QgUmlkZXI='),(6,'VGhlIFdpY2tlciBNYW4='),(6,'V29ybGQgVHJhZGUgQ2VudGVy'),(6,'VGhlIEFudCBCdWxseQ=='),(6,'VGhlIFdlYXRoZXIgTWFu'),(6,'TG9yZCBvZiBXYXI='),(6,'TmF0aW9uYWwgVHJlYXN1cmU='),(6,'TWF0Y2hzdGljayBNZW4='),(6,'VGhlIExpZmUgb2YgRGF2aWQgR2FsZQ=='),(6,'QWRhcHRhdGlvbg=='),(6,'U29ubnk='),(6,'V2luZHRhbGtlcnM='),(6,'Q2FwdGFpbiBDb3JlbGxpJ3MgTWFuZG9saW4='),(6,'Q2hyaXN0bWFzIENhcm9sIC0gVGhlIE1vdmll'),(6,'U2hhZG93IG9mIHRoZSBWYW1waXJl'),(6,'VGhlIEZhbWlseSBNYW4='),(6,'R29uZSBpbiA2MCBTZWNvbmRzIChHb25lIGluIFNpeHR5IFNlY29uZHMp'),(6,'QnJpbmdpbmcgT3V0IHRoZSBEZWFk'),(6,'OE1N'),(6,'U25ha2UgRXllcw=='),(6,'Q2l0eSBvZiBBbmdlbHM='),(6,'RmFjZS9PZmY='),(6,'Q29uIEFpcg=='),(6,'VGhlIFJvY2s='),(6,'TGVhdmluZyBMYXMgVmVnYXM='),(6,'S2lzcyBvZiBEZWF0aA=='),(6,'SXQgQ291bGQgSGFwcGVuIHRvIFlvdQ=='),(6,'R3VhcmRpbmcgVGVzcw=='),(6,'VHJhcHBlZCBpbiBQYXJhZGlzZQ=='),(6,'RGVhZGZhbGw='),(6,'QW1vcyAmIEFuZHJldw=='),(6,'UmVkIFJvY2sgV2VzdA=='),(6,'SG9uZXltb29uIGluIFZlZ2Fz'),(6,'WmFuZGFsZWU='),(6,'V2lsZCBBdCBIZWFydA=='),(6,'RmlyZSBCaXJkcw=='),(6,'VmFtcGlyZSdzIEtpc3M='),(6,'TW9vbnN0cnVjaw=='),(6,'UmFpc2luZyBBcml6b25h'),(6,'UGVnZ3kgU3VlIEdvdCBNYXJyaWVk'),(6,'QmlyZHk='),(6,'VGhlIENvdHRvbiBDbHVi'),(6,'UmFjaW5nIFdpdGggdGhlIE1vb24='),(6,'UnVtYmxlIEZpc2g='),(6,'VmFsbGV5IEdpcmw='),(6,'RmFzdCBUaW1lcyBBdCBSaWRnZW1vbnQgSGlnaA=='),(7,'TGl2ZSBCeSBOaWdodA=='),(7,'QmVmb3JlIHRoZSBGbG9vZA=='),(7,'VGhlIEl2b3J5IEdhbWU='),(7,'VGhlIFJldmVuYW50'),(7,'VmlydW5nYQ=='),(7,'VGhlIFdvbGYgb2YgV2FsbCBTdHJlZXQ='),(7,'T3V0IG9mIHRoZSBGdXJuYWNl'),(7,'UnVubmVyIFJ1bm5lcg=='),(7,'VGhlIEdyZWF0IEdhdHNieQ=='),(7,'RGphbmdvIFVuY2hhaW5lZA=='),(7,'Si4gRWRnYXI='),(7,'VGhlIElkZXMgb2YgTWFyY2g='),(7,'UmVkIFJpZGluZyBIb29k'),(7,'SW5jZXB0aW9u'),(7,'SHViYmxlIDNE'),(7,'U2h1dHRlciBJc2xhbmQ='),(7,'T3JwaGFu'),(7,'UmV2b2x1dGlvbmFyeSBSb2Fk'),(7,'Qm9keSBvZiBMaWVz'),(7,'VGhlIDExdGggSG91cg=='),(7,'Qmxvb2QgRGlhbW9uZA=='),(7,'VGhlIERlcGFydGVk'),(7,'VGhlIEFzc2Fzc2luYXRpb24gb2YgUmljaGFyZCBOaXhvbg=='),(7,'VGhlIEF2aWF0b3I='),(7,'Q2F0Y2ggTWUgSWYgWW91IENhbg=='),(7,'R2FuZ3Mgb2YgTmV3IFlvcms='),(7,'VGhlIEJlYWNo'),(7,'Q2VsZWJyaXR5'),(7,'VGhlIE1hbiBpbiB0aGUgSXJvbiBNYXNr'),(7,'VGl0YW5pYw=='),(7,'TWFydmluJ3MgUm9vbQ=='),(7,'Um9tZW8gKyBKdWxpZXQ='),(7,'VG90YWwgRWNsaXBzZQ=='),(7,'VGhlIEJhc2tldGJhbGwgRGlhcmllcw=='),(7,'VGhlIFF1aWNrIGFuZCB0aGUgRGVhZA=='),(7,'V2hhdCdzIEVhdGluZyBHaWxiZXJ0IEdyYXBl'),(7,'VGhpcyBCb3kncyBMaWZl'),(7,'UG9pc29uIEl2eQ=='),(7,'Q3JpdHRlcnMgMw=='),(8,'U29ycnkgdG8gQm90aGVyIFlvdQ=='),(8,'RnVybG91Z2g='),(8,'QW5uaWhpbGF0aW9u'),(8,'TGl0dGxlIFdvb2Rz'),(8,'VGhvcjogUmFnbmFyb2s='),(8,'V2FyIG9uIEV2ZXJ5b25l'),(8,'Q3JlZWQ='),(8,'U2VsbWE='),(8,'RGVhciBXaGl0ZSBQZW9wbGU='),(8,'Rm9yIENvbG9yZWQgR2lybHM='),(8,'TWFrZSBJdCBIYXBwZW4='),(8,'V2hlbiBhIFN0cmFuZ2VyIENhbGxz'),(9,'Vm94IEx1eA=='),(9,'RWF0aW5nIEFuaW1hbHM='),(9,'QW5uaWhpbGF0aW9u'),(9,'VGhlIERlYXRoIGFuZCBMaWZlIG9mIEpvaG4gRi4gRG9ub3Zhbg=='),(9,'VGhlIFN1bW1vbmluZyAoUGxhbmV0YXJpdW0p'),(9,'VGhlIFB1bGl0emVyIGF0IDEwMA=='),(9,'U29uZyB0byBTb25n'),(9,'SmFja2ll'),(9,'QSBUYWxlIG9mIExvdmUgYW5kIERhcmtuZXNz'),(9,'VGhlIFNldmVudGggRmlyZQ=='),(9,'S25pZ2h0IG9mIEN1cHM='),(9,'UHJpZGUgYW5kIFByZWp1ZGljZSBhbmQgWm9tYmllcw=='),(9,'SmFuZSBHb3QgYSBHdW4='),(9,'VGhvcjogVGhlIERhcmsgV29ybGQ='),(9,'SGVzaGVy'),(9,'VGhvcg=='),(9,'WW91ciBIaWdobmVzcw=='),(9,'VGhlIE90aGVyIFdvbWFu'),(9,'Tm8gU3RyaW5ncyBBdHRhY2hlZA=='),(9,'QmxhY2sgU3dhbg=='),(9,'QnJvdGhlcnM='),(9,'TmV3IFlvcmssIEkgTG92ZSBZb3U='),(9,'VGhlIE90aGVyIEJvbGV5biBHaXJs'),(9,'TXIuIE1hZ29yaXVtJ3MgV29uZGVyIEVtcG9yaXVt'),(9,'VGhlIERhcmplZWxpbmcgTGltaXRlZA=='),(9,'R295YSdzIEdob3N0cw=='),(9,'TXkgQmx1ZWJlcnJ5IE5pZ2h0cw=='),(9,'UGFyaXMgSmUgVCdhaW1l'),(9,'RnJlZSBab25l'),(9,'ViBmb3IgVmVuZGV0dGE='),(9,'U3RhciBXYXJzOiBFcGlzb2RlIElJSSAtIFJldmVuZ2Ugb2YgdGhlIFNpdGg='),(9,'Q2xvc2Vy'),(9,'R2FyZGVuIFN0YXRl'),(9,'Q29sZCBNb3VudGFpbg=='),(9,'U3RhciBXYXJzOiBFcGlzb2RlIElJIC0gQXR0YWNrIG9mIHRoZSBDbG9uZXM='),(9,'Wm9vbGFuZGVy'),(9,'QW55d2hlcmUgYnV0IEhlcmU='),(9,'V2hlcmUgdGhlIEhlYXJ0IElz'),(9,'U3RhciBXYXJzOiBFcGlzb2RlIEkgLSBUaGUgUGhhbnRvbSBNZW5hY2U='),(9,'VGhlIFByaW5jZSBvZiBFZ3lwdA=='),(9,'TWFycyBBdHRhY2tzIQ=='),(9,'RXZlcnlvbmUgU2F5cyBJIExvdmUgWW91'),(9,'QmVhdXRpZnVsIEdpcmxz'),(9,'SGVhdA=='),(9,'TOlvbjogVGhlIFByb2Zlc3Npb25hbA=='),(10,'QXQgRXRlcm5pdHkncyBHYXRl'),(10,'TGlmZSBJdHNlbGY='),(10,'T3BlcmF0aW9uIEZpbmFsZQ=='),(10,'QW5uaWhpbGF0aW9u'),(10,'U3RhciBXYXJzOiBUaGUgTGFzdCBKZWRp'),(10,'U3VidXJiaWNvbg=='),(10,'VGhlIFByb21pc2U='),(10,'VGltZSBUbyBDaG9vc2U='),(10,'WC1NZW46IEFwb2NhbHlwc2U='),(10,'TW9qYXZl'),(10,'U3RhciBXYXJzOiBFcGlzb2RlIFZJSSAtIFRoZSBGb3JjZSBBd2FrZW5z'),(10,'RXggTWFjaGluYQ=='),(10,'QSBNb3N0IFZpb2xlbnQgWWVhcg=='),(10,'VGhlIFR3byBGYWNlcyBvZiBKYW51YXJ5'),(10,'SW4gU2VjcmV0'),(10,'SW5zaWRlIExsZXd5biBEYXZpcw=='),(10,'V29uJ3QgQmFjayBEb3du'),(10,'MTAgWWVhcnM='),(10,'VGhlIEJvdXJuZSBMZWdhY3k='),(10,'Rm9yIEdyZWF0ZXIgR2xvcnk='),(10,'Vy5FLg=='),(10,'RHJpdmU='),(10,'U3Vja2VyIFB1bmNo'),(10,'QWdvcmE='),(10,'Um9iaW4gSG9vZA=='),(10,'QmFsaWJv'),(10,'Qm9keSBvZiBMaWVz'),(10,'VGhlIExpZmUgQmVmb3JlIEhlciBFeWVz'),(10,'VGhlIE5hdGl2aXR5IFN0b3J5'),(10,'UFUtMjM5'),(10,'QWxsIEFib3V0IHRoZSBCZW5qYW1pbnM='),(11,'QSBLaWQgTGlrZSBKYWtl'),(11,'U21hbGwgVG93biBDcmltZQ=='),(11,'VGhlIFNoYXBlIG9mIFdhdGVy'),(11,'VGhlIFNoYWNr'),(11,'SGlkZGVuIEZpZ3VyZXM='),(11,'QmFkIFNhbnRhIDI='),(11,'VGhlIEdyZWF0IEdpbGx5IEhvcGtpbnM='),(11,'VGhlIEZyZWUgV29ybGQ='),(11,'RmF0aGVycyBBbmQgRGF1Z2h0ZXJz'),(11,'VGhlIERpdmVyZ2VudCBTZXJpZXM6IEFsbGVnaWFudA=='),(11,'Wm9vdG9waWE='),(11,'SW5zdXJnZW50'),(11,'QmxhY2sgb3IgV2hpdGU='),(11,'R2V0IE9uIFVw'),(11,'U25vd3BpZXJjZXI='),(11,'UGVyY3kgSmFja3NvbjogU2VhIG9mIE1vbnN0ZXJz'),(11,'RnJ1aXR2YWxlIFN0YXRpb24='),(11,'U21hc2hlZA=='),(11,'Rmx5cGFwZXI='),(11,'VGhlIEhlbHA='),(11,'RGlubmVyIGZvciBTY2htdWNrcw=='),(11,'RHJhZyBNZSB0byBIZWxs'),(11,'U2V2ZW4gUG91bmRz'),(11,'VGhlIE5pbmVz'),(11,'UHVsc2U='),(11,'TWFyaWx5biBIb3RjaGtpc3MgQmFsbHJvb20gRGFuY2luZyAmIENoYXJtIFNjaG9vbA=='),(11,'Q29hY2ggQ2FydGVy'),(11,'QnJlYWtpbicgQWxsIHRoZSBSdWxlcw=='),(11,'V2luIGEgRGF0ZSBXaXRoIFRhZCBIYW1pbHRvbiE='),(11,'QmFkIFNhbnRh'),(11,'TGVnYWxseSBCbG9uZGUgMiAtIFJlZCwgV2hpdGUgJiBCbG9uZGU='),(11,'U3BpZGVyLU1hbg=='),(11,'RXZlcnl0aGluZyBQdXQgVG9nZXRoZXI='),(11,'QmlnIE1vbW1hJ3MgSG91c2U='),(11,'V2hhdCBQbGFuZXQgQXJlIFlvdSBGcm9tPw=='),(11,'QW1lcmljYW4gVmlyZ2lu'),(11,'QmVpbmcgSm9obiBNYWxrb3ZpY2g='),(11,'Qmx1ZSBTdHJlYWs='),(11,'TmV2ZXIgQmVlbiBLaXNzZWQ='),(11,'U3BhcmtsZXI='),(11,'VGhlIFNpeHRoIE1hbg=='),(11,'QSBUaW1lIHRvIEtpbGw='),(12,'QmxhY0trS2xhbnNtYW4='),(12,'U3RhciBXYXJzOiBUaGUgTGFzdCBKZWRp'),(12,'TG9nYW4gTHVja3k='),(12,'U2lsZW5jZQ=='),(12,'UGF0ZXJzb24='),(12,'TWlkbmlnaHQgU3BlY2lhbA=='),(12,'U3RhciBXYXJzOiBFcGlzb2RlIFZJSSAtIFRoZSBGb3JjZSBBd2FrZW5z'),(12,'SHVuZ3J5IEhlYXJ0cw=='),(12,'V2hpbGUgV2UncmUgWW91bmc='),(12,'VGhpcyBJcyBXaGVyZSBJIExlYXZlIFlvdQ=='),(12,'VHJhY2tz'),(12,'V2hhdCBJZg=='),(12,'Qmx1ZWJpcmQ='),(12,'SW5zaWRlIExsZXd5biBEYXZpcw=='),(12,'RnJhbmNlcyBIYQ=='),(12,'TGluY29sbg=='),(12,'R2F5Ynk='),(12,'Si4gRWRnYXI='),(12,'WW91IERvbid0IEtub3cgSmFjaw=='),(13,'QmxhY2sgUGFudGhlcg=='),(13,'U3RhciBXYXJzOiBUaGUgTGFzdCBKZWRp'),(13,'UXVlZW4gb2YgS2F0d2U='),(13,'VGhlIEp1bmdsZSBCb29r'),(13,'U3RhciBXYXJzOiBFcGlzb2RlIFZJSSAtIFRoZSBGb3JjZSBBd2FrZW5z'),(13,'Tm9uLVN0b3A='),(13,'MTIgWWVhcnMgYSBTbGF2ZQ=='),(14,'QnJpZ2h0'),(14,'Q29sbGF0ZXJhbCBCZWF1dHk='),(14,'U3VpY2lkZSBTcXVhZA=='),(14,'Q29uY3Vzc2lvbg=='),(14,'Rm9jdXM='),(14,'QW5uaWU='),(14,'V2ludGVyJ3MgVGFsZQ=='),(14,'QWZ0ZXIgRWFydGg='),(14,'QSBNYW4ncyBTdG9yeQ=='),(14,'TWVuIGluIEJsYWNrIElJSQ=='),(14,'VGhpcyBNZWFucyBXYXI='),(14,'VGhlIEthcmF0ZSBLaWQ='),(14,'U2V2ZW4gUG91bmRz'),(14,'VGhlIFNlY3JldCBMaWZlIG9mIEJlZXM='),(14,'TGFrZXZpZXcgVGVycmFjZQ=='),(14,'SGFuY29jaw=='),(14,'SSBBbSBMZWdlbmQ='),(14,'VGhlIFB1cnN1aXQgb2YgSGFwcHluZXNz'),(14,'QVRM'),(14,'U2F2aW5nIEZhY2U='),(14,'SGl0Y2g='),(14,'U2hhcmsgVGFsZQ=='),(14,'SSwgUm9ib3Q='),(14,'SmVyc2V5IEdpcmw='),(14,'QmFkIEJveXMgSUk='),(14,'TWVuIGluIEJsYWNrIElJ'),(14,'U2hvd3RpbWU='),(14,'QWxp'),(14,'VGhlIExlZ2VuZCBvZiBCYWdnZXIgVmFuY2U='),(14,'V2lsZCBXaWxkIFdlc3Q='),(14,'RW5lbXkgb2YgdGhlIFN0YXRl'),(14,'TWVuIGluIEJsYWNr'),(14,'SW5kZXBlbmRlbmNlIERheQ=='),(14,'QmFkIEJveXM='),(14,'U2l4IERlZ3JlZXMgb2YgU2VwYXJhdGlvbg=='),(14,'TWFkZSBpbiBBbWVyaWNh'),(14,'V2hlcmUgdGhlIERheSBUYWtlcyBZb3U='),(15,'TXkgSXRhbGlhbiBTZWNyZXQ6IFRoZSBGb3Jnb3R0ZW4gSGVyb2Vz'),(15,'VGltIGFuZCBFcmljJ3MgQmlsbGlvbiBEb2xsYXIgTW92aWU='),(15,'SGFydmVzdA=='),(15,'U2hyaW5r'),(15,'RnVubnkgTW9uZXk='),(15,'VGhlIERlYWw='),(15,'Q29uZmlkZW5jZQ=='),(15,'VGhlIE1hc3RlciBvZiBEaXNndWlzZQ=='),(15,'UmV0dXJuIHRvIE1l'),(15,'QW1lcmljYW4gVmlyZ2lu'),(15,'VHJpdW1waCBvZiB0aGUgU3Bpcml0'),(15,'VGhlIFN1YnVyYmFucw=='),(15,'Sm9hbiBvZiBBcmM='),(15,'SG9seSBNYW4='),(15,'VGhlIFByb3Bvc2l0aW9u'),(15,'V2lkZSBBd2FrZQ=='),(15,'U21pbGxhJ3MgU2Vuc2Ugb2YgU25vdw=='),(15,'TG9zdCBIaWdod2F5'),(15,'SW5kZXBlbmRlbmNlIERheQ=='),(15,'SSBMb3ZlIFRyb3VibGU='),(15,'QmFkIEdpcmxz'),(15,'SW5ub2NlbnQgQmxvb2Q='),(15,'R2xhZGlhdG9y'),(15,'TmVjZXNzYXJ5IFJvdWdobmVzcw=='),(15,'VGhlIE1hcnJ5aW5nIE1hbg=='),(15,'T3Bwb3J0dW5pdHkgS25vY2tz'),(15,'UmVsZW50bGVzcw=='),(15,'T2xpdmVyICYgQ29tcGFueQ=='),(15,'Qmln'),(15,'VGhlIEJlbGlldmVycw=='),(15,'T3ZlciB0aGUgVG9w'),(15,'VGhhdCdzIExpZmUh'),(15,'QXJtZWQgYW5kIERhbmdlcm91cw=='),(15,'SmFnZ2VkIEVkZ2U='),(15,'UHJpenppJ3MgSG9ub3I='),(15,'U2NhcmZhY2U='),(15,'Q3Vyc2Ugb2YgdGhlIFBpbmsgUGFudGhlcg=='),(15,'UHN5Y2hvIElJ'),(15,'VHJhaWwgb2YgdGhlIFBpbmsgUGFudGhlcg=='),(15,'QW4gT2ZmaWNlciBhbmQgYSBHZW50bGVtYW4='),(15,'Uy5PLkIu'),(15,'VGhlIE5pbnRoIENvbmZpZ3VyYXRpb24gKFR3aW5rbGUsIFR3aW5rbGUsIEtpbGxlciBLYW5lKQ=='),(15,'VGhlIFJldmVuZ2Ugb2YgdGhlIFBpbmsgUGFudGhlcg=='),(15,'VGhlIEdyZWF0ZXN0IFN0b3J5IEV2ZXIgVG9sZA=='),(15,'U29tZWJvZHkgVXAgVGhlcmUgTGlrZXMgTWU='),(16,'TmFwcGlseSBFdmVyIEFmdGVy'),(16,'U3BhY2VtYW4='),(16,'R2hvc3RidXN0ZXJz'),(16,'R29kJ3MgTm90IERlYWQgMg=='),(16,'QmF0bWFuOiBCYWQgQmxvb2Q='),(16,'WW91J3JlIE5vdCBZb3U='),(16,'RHJhZ29uYmFsbCBFdm9sdXRpb24='),(16,'Tm9iZWwgU29u'),(16,'U25vb3AgRG9nZydzIEhvb2Qgb2YgSG9ycm9y'),(16,'QWxsIEhhdA=='),(16,'TWFyaWx5biBIb3RjaGtpc3MgQmFsbHJvb20gRGFuY2luZyAmIENoYXJtIFNjaG9vbA=='),(16,'TWlzcyBDb25nZW5pYWxpdHkgMiAtIEFybWVkIGFuZCBGYWJ1bG91cw=='),(16,'TGFja2F3YW5uYSBCbHVlcw=='),(16,'Q2xpZmZvcmQncyBSZWFsbHkgQmlnIE1vdmll'),(16,'TWlzcyBDb25nZW5pYWxpdHk='),(16,'VGhlIFdhdGNoZXI='),(16,'U2hhcmsgQXR0YWNr'),(16,'Q2FuZHltYW46IERheSBvZiB0aGUgRGVhZA=='),(16,'TXIuIE1hZ29v'),(16,'Q29uZ28='),(16,'VGhlIFN1YnN0aXR1dGU='),(16,'VGhlIEJhc2tldGJhbGwgRGlhcmllcw=='),(16,'U3BlZWNobGVzcw=='),(16,'SW4gdGhlIEFybXkgTm93'),(16,'QWlyaGVhZHM='),(16,'VGhlIENvd2JveSBXYXk='),(16,'Tm8gRXNjYXBl'),(16,'U3VnYXIgSGlsbA=='),(16,'VGhlIENyb3c='),(16,'SGVhcnQgYW5kIFNvdWxz'),(16,'VGhlIEhhbmQgdGhhdCBSb2NrcyB0aGUgQ3JhZGxl'),(16,'R2hvc3RidXN0ZXJzIDI='),(16,'TGV2aWF0aGFu'),(16,'V2VlZHM='),(16,'R2hvc3RidXN0ZXJzICgxOTg0IE9yaWdpbmFsKQ=='),(16,'VHdvIG9mIGEgS2luZA=='),(16,'U3BhY2VodW50ZXI6IEFkdmVudHVyZXMgaW4gdGhlIEZvcmJpZGRlbiBab25l'),(16,'VGhlIE9jdGFnb24='),(16,'VGhlIE1haW4gRXZlbnQ='),(17,'Um9ndWUgT25lOiBBIFN0YXIgV2FycyBTdG9yeQ=='),(17,'VGhlIEFuZ3JpZXN0IE1hbiBpbiBCcm9va2x5bg=='),(17,'R2ltbWUgU2hlbHRlcg=='),(17,'RGlzbmV5bmF0dXJlIEVhcnRo'),(17,'V2VsY29tZSBIb21lIFJvc2NvZSBKZW5raW5z'),(17,'U2NhcnkgTW92aWUgNA=='),(17,'U3RhciBXYXJzOiBFcGlzb2RlIElJSSAtIFJldmVuZ2Ugb2YgdGhlIFNpdGg='),(17,'Um9ib3Rz'),(17,'VGhlIFNhbmRsb3QgMg=='),(17,'VW5mb3JnaXZhYmxlIEJsYWNrbmVzczogVGhlIFJpc2UgYW5kIEZhbGwgb2YgSmFjayBKb2huc29u'),(17,'TXVoYW1tYWQgQWxpOiBUaHJvdWdoIHRoZSBFeWVzIG9mIHRoZSBXb3JsZA=='),(17,'RmluZGVyJ3MgRmVl'),(17,'VGhlIEFubmloaWxhdGlvbiBvZiBGaXNo'),(17,'RmFudGFzaWEgMjAwMA=='),(17,'VGhlIExpb24gS2luZyBJSTogU2ltYmEncyBQcmlkZQ=='),(17,'TWVybGlu'),(17,'R2FuZyBSZWxhdGVk'),(17,'Q2FzcGVyOiBBIFNwaXJpdGVkIEJlZ2lubmluZw=='),(17,'TG9va2luZyBmb3IgUmljaGFyZA=='),(17,'QSBGYW1pbHkgVGhpbmc='),(17,'Q3J5LCB0aGUgQmVsb3ZlZCBDb3VudHJ5'),(17,'SnVkZ2UgRHJlZGQ='),(17,'SmVmZmVyc29uIGluIFBhcmlz'),(17,'Q2xlYXIgYW5kIFByZXNlbnQgRGFuZ2Vy'),(17,'VGhlIExpb24gS2luZw=='),(17,'Q2xlYW4gU2xhdGU='),(17,'QWZyaWNhOiBUaGUgU2VyZW5nZXRp'),(17,'VGhlIE5ha2VkIEd1biAzMyAxLzM6IFRoZSBGaW5hbCBJbnN1bHQ='),(17,'VGhlIE1ldGVvciBNYW4='),(17,'RXhjZXNzaXZlIEZvcmNl'),(17,'VGhlIFNhbmRsb3Q='),(17,'U29tbWVyc2J5'),(17,'U25lYWtlcnM='),(17,'UGF0cmlvdCBHYW1lcw=='),(17,'VHJ1ZSBJZGVudGl0eQ=='),(17,'VGhlIEh1bnQgZm9yIFJlZCBPY3RvYmVy'),(17,'RmllbGQgb2YgRHJlYW1z'),(17,'VGhyZWUgRnVnaXRpdmVz'),(17,'Q29taW5nIHRvIEFtZXJpY2E='),(17,'TWF0ZXdhbjogQSBMdXRhIEZpbmFs'),(17,'R2FyZGVucyBvZiBTdG9uZQ=='),(17,'U291bCBNYW4='),(17,'U3RhciBXYXJzOiBFcGlzb2RlIFZJIC0gUmV0dXJuIG9mIHRoZSBKZWRp'),(17,'Q29uYW4gdGhlIEJhcmJhcmlhbg=='),(17,'U3RhciBXYXJzOiBFcGlzb2RlIFYgLSBUaGUgRW1waXJlIFN0cmlrZXMgQmFjaw=='),(17,'U3RhciBXYXJzOiBIb2xpZGF5IFNwZWNpYWw='),(17,'VGhlIExhc3QgUmVtYWtlIG9mIEJlYXUgR2VzdGU='),(17,'U3RhciBXYXJzOiBFcGlzb2RlIElWIC0gQSBOZXcgSG9wZQ=='),(17,'RXhvcmNpc3QgSUk6IFRoZSBIZXJldGlj'),(17,'VGhlIEJpbmdvIExvbmcgVHJhdmVsaW5nIEFsbC1TdGFycyAmIE1vdG9yIEtpbmdz'),(17,'VGhlIEdyZWF0IFdoaXRlIEhvcGU='),(17,'VGhlIENvbWVkaWFucw=='),(17,'RHIuIFN0cmFuZ2Vsb3ZlIE9yIEhvdyBJIExlYXJuZWQgdG8gU3RvcCBXb3JyeWluZyBhbmQgTG92ZSB0aGUgQm9tYg=='),(18,'UmVkIFNwYXJyb3c='),(18,'bW90aGVyIQ=='),(18,'UGFzc2VuZ2Vycw=='),(18,'WC1NZW46IEFwb2NhbHlwc2U='),(18,'QSBCZWF1dGlmdWwgUGxhbmV0'),(18,'Sm95'),(18,'VGhlIEh1bmdlciBHYW1lczogTW9ja2luZ2pheSAtIFBhcnQgMg=='),(18,'RGlvciBhbmQgSQ=='),(18,'U2VyZW5h'),(18,'VGhlIEh1bmdlciBHYW1lczogTW9ja2luZ2pheSAtIFBhcnQgMQ=='),(18,'WC1NZW46IERheXMgb2YgRnV0dXJlIFBhc3Q='),(18,'QW1lcmljYW4gSHVzdGxl'),(18,'VGhlIEh1bmdlciBHYW1lczogQ2F0Y2hpbmcgRmlyZQ=='),(18,'U2lsdmVyIExpbmluZ3MgUGxheWJvb2s='),(18,'SG91c2UgYXQgdGhlIEVuZCBvZiB0aGUgU3RyZWV0'),(18,'VGhlIEh1bmdlciBHYW1lcw=='),(18,'TGlrZSBDcmF6eQ=='),(18,'WC1NZW46IEZpcnN0IENsYXNz'),(18,'VGhlIEJlYXZlcg=='),(18,'V2ludGVyJ3MgQm9uZQ=='),(18,'VGhlIEJ1cm5pbmcgUGxhaW4='),(18,'VGhlIFBva2VyIEhvdXNl'),(19,'U2FuZHkgV2V4bGVy'),(19,'U2luZw=='),(19,'SGFpcnNwcmF5IExpdmUh'),(19,'Q29uZmlybWF0aW9u'),(19,'Q2hpLVJhcQ=='),(19,'THVsbGFieQ=='),(19,'QmxhY2sgTmF0aXZpdHk='),(19,'VGhlIEluZXZpdGFibGUgRGVmZWF0IG9mIE1pc3RlciAmIFBldGU='),(19,'V2lubmllIE1hbmRlbGE='),(19,'VGhlIFRocmVlIFN0b29nZXM='),(19,'VGhlIFNlY3JldCBMaWZlIG9mIEJlZXM='),(19,'RnJhZ21lbnRz'),(19,'U2V4IGFuZCB0aGUgQ2l0eQ=='),(19,'RHJlYW1naXJscw=='),(20,'R2lybHMgVHJpcA=='),(20,'RmxpbnQ='),(20,'SWNlIEFnZTogQ29sbGlzaW9uIENvdXJzZQ=='),(20,'TWlyYWNsZXMgZnJvbSBIZWF2ZW4='),(20,'VGhlIFBlcmZlY3QgTWF0Y2g='),(20,'QmVzc2ll'),(20,'VGhlIFdpeiBMaXZlIQ=='),(20,'SWNlIEFnZTogQ29udGluZW50YWwgRHJpZnQ='),(20,'Sm95ZnVsIE5vaXNl'),(20,'VGhlIERpbGVtbWE='),(20,'SnVzdCBXcmlnaHQ='),(20,'VmFsZW50aW5lJ3MgRGF5'),(20,'SWNlIEFnZTogRGF3biBvZiB0aGUgRGlub3NhdXJzIChJY2UgQWdlIDMp'),(20,'VGhlIFNlY3JldCBMaWZlIG9mIEJlZXM='),(20,'V2hhdCBIYXBwZW5zIGluIFZlZ2Fz'),(20,'TWFkIE1vbmV5'),(20,'VGhlIFBlcmZlY3QgSG9saWRheQ=='),(20,'QXJjdGljIFRhbGU='),(20,'V2hvJ3MgWW91ciBDYWRkeT8='),(20,'SGFpcnNwcmF5'),(20,'U3RyYW5nZXIgVGhhbiBGaWN0aW9u'),(20,'VGhlIEhpcCBIb3AgUHJvamVjdA=='),(20,'SWNlIEFnZSAyOiBUaGUgTWVsdGRvd24='),(20,'TGFzdCBIb2xpZGF5'),(20,'VGhlIE11cHBldHMnIFdpemFyZCBvZiBPeg=='),(20,'QmVhdXR5IFNob3A='),(20,'VGF4aQ=='),(20,'VGhlIENvb2tvdXQ='),(20,'QmFyYmVyc2hvcCAyOiBCYWNrIGluIEJ1c2luZXNz'),(20,'U2NhcnkgTW92aWUgMw=='),(20,'QnJpbmdpbmcgRG93biB0aGUgSG91c2U='),(20,'Q2hpY2Fnbw=='),(20,'UGlub2NjaGlv'),(20,'QnJvd24gU3VnYXI='),(20,'VGhlIENvdW50cnkgQmVhcnM='),(20,'TWFtYSBBZnJpY2E6IEdyb3dpbmcgVXAgVXJiYW4='),(20,'QnJpbmdpbmcgT3V0IHRoZSBEZWFk'),(20,'TGl2aW5nIE91dCBMb3Vk'),(20,'U3BoZXJl'),(20,'SG9vZGx1bQ=='),(20,'U2V0IEl0IE9mZg=='),(20,'TXkgTGlmZQ=='),(20,'V2hvJ3MgdGhlIE1hbj8='),(20,'SnVpY2U='),(20,'SG91c2UgUGFydHkgMg=='),(20,'SnVuZ2xlIEZldmVy'),(21,'QSBTdGFyIElzIEJvcm4='),(21,'QXZlbmdlcnM6IEluZmluaXR5IFdhcg=='),(21,'R3VhcmRpYW5zIG9mIHRoZSBHYWxheHkgVm9sLiAy'),(21,'V2FyIERvZ3M='),(21,'MTAgQ2xvdmVyZmllbGQgTGFuZQ=='),(21,'Sm95'),(21,'QnVybnQ='),(21,'QWxvaGE='),(21,'U2VyZW5h'),(21,'QW1lcmljYW4gU25pcGVy'),(21,'R3VhcmRpYW5zIG9mIHRoZSBHYWxheHk='),(21,'QW1lcmljYW4gSHVzdGxl'),(21,'VGhlIEhhbmdvdmVyIFBhcnQgSUlJ'),(21,'VGhlIFBsYWNlIEJleW9uZCBUaGUgUGluZXM='),(21,'U2lsdmVyIExpbmluZ3MgUGxheWJvb2s='),(21,'VGhlIFdvcmRz'),(21,'SGl0ICYgUnVu'),(21,'VGhlIEhhbmdvdmVyIFBhcnQgSUk='),(21,'QnJvdGhlcidzIEp1c3RpY2U='),(21,'TGltaXRsZXNz'),(21,'Q2FzZSAzOQ=='),(21,'VGhlIEEtVGVhbQ=='),(21,'VmFsZW50aW5lJ3MgRGF5'),(21,'TmV3IFlvcmssIEkgTG92ZSBZb3U='),(21,'QWxsIEFib3V0IFN0ZXZl'),(21,'VGhlIEhhbmdvdmVy'),(21,'SGUncyBKdXN0IE5vdCBUaGF0IEludG8gWW91'),(21,'WWVzIE1hbg=='),(21,'VGhlIE1pZG5pZ2h0IE1lYXQgVHJhaW4='),(21,'VGhlIFJvY2tlcg=='),(21,'VGhlIENvbWViYWNrcw=='),(21,'RmFpbHVyZSB0byBMYXVuY2g='),(21,'V2VkZGluZyBDcmFzaGVycw=='),(21,'Q2hhbmdpbmcgTGFuZXM='),(21,'TXkgTGl0dGxlIEV5ZQ=='),(21,'V2V0IEhvdCBBbWVyaWNhbiBTdW1tZXI='),(22,'Q2hyb25pY2FsbHkgTWV0cm9wb2xpdGFu'),(22,'SWNlIEFnZTogQ29sbGlzaW9uIENvdXJzZQ=='),(22,'Q2FwdGFpbiBBbWVyaWNhOiBDaXZpbCBXYXI='),(22,'RGFubnkgQ29sbGlucw=='),(22,'VGhlIFdlZGRpbmcgUmluZ2Vy'),(22,'QmF0dGxlIG9mIHRoZSBZZWFy'),(22,'UmVkIERhd24='),(22,'SWNlIEFnZTogQ29udGluZW50YWwgRHJpZnQ='),(22,'QVRN'),(22,'QWxpZW5zIGluIHRoZSBBdHRpYw=='),(22,'SWNlIEFnZTogRGF3biBvZiB0aGUgRGlub3NhdXJzIChJY2UgQWdlIDMp'),(22,'V2hhdCBHb2VzIFVw'),(22,'VGhlIFdhY2tuZXNz'),(22,'RHJpbGxiaXQgVGF5bG9y'),(22,'SWNlIEFnZSAyOiBUaGUgTWVsdGRvd24='),(22,'U3BlY2lhbA=='),(22,'SGF2b2M='),(22,'TWVhbiBDcmVlaw=='),(22,'U3B1bg=='),(22,'TWF4IEtlZWJsZSdzIEJpZyBNb3Zl'),(22,'U25vdyBEYXk='),(23,'UGFjaWZpYyBSaW0gVXByaXNpbmc='),(23,'U3RhciBXYXJzOiBUaGUgTGFzdCBKZWRp'),(23,'RGV0cm9pdA=='),(23,'VGhlIENpcmNsZQ=='),(23,'U3RhciBXYXJzOiBFcGlzb2RlIFZJSSAtIFRoZSBGb3JjZSBBd2FrZW5z'),(23,'SGFsZiBvZiBhIFllbGxvdyBTdW4='),(23,'SW1wZXJpYWwgRHJlYW1z'),(23,'SnVua2hlYXJ0cw=='),(23,'QXR0YWNrIHRoZSBCbG9jaw=='),(24,'UGV0ZXIgUmFiYml0'),(24,'T3BoZWxpYQ=='),(24,'U3RhciBXYXJzOiBUaGUgTGFzdCBKZWRp'),(24,'TXVyZGVyIE9uIFRoZSBPcmllbnQgRXhwcmVzcw=='),(24,'VGhlIEVhZ2xlIEh1bnRyZXNz'),(24,'U3RhciBXYXJzOiBFcGlzb2RlIFZJSSAtIFRoZSBGb3JjZSBBd2FrZW5z'),(24,'T25seSBZZXN0ZXJkYXk='),(25,'QmxhZGUgUnVubmVyIDIwNDk='),(25,'U3RhciBXYXJzOiBFcGlzb2RlIFZJSSAtIFRoZSBGb3JjZSBBd2FrZW5z'),(25,'VGhlIEFnZSBvZiBBZGFsaW5l'),(25,'TGl2aW5nIGluIHRoZSBBZ2Ugb2YgQWlycGxhbmVz'),(25,'VGhlIEV4cGVuZGFibGVzIDM='),(25,'QW5jaG9ybWFuIDI6IFRoZSBMZWdlbmQgQ29udGludWVz'),(25,'RW5kZXIncyBHYW1l'),(25,'UGFyYW5vaWE='),(25,'RHJldzogVGhlIE1hbiBCZWhpbmQgVGhlIFBvc3Rlcg=='),(25,'NDI='),(25,'TWlsaXVz'),(25,'Q293Ym95cyAmIEFsaWVucw=='),(25,'TW9ybmluZyBHbG9yeQ=='),(25,'RXh0cmFvcmRpbmFyeSBNZWFzdXJlcw=='),(25,'QnJ1bm8='),(25,'Q3Jvc3NpbmcgT3Zlcg=='),(25,'SW5kaWFuYSBKb25lcyBhbmQgdGhlIEtpbmdkb20gb2YgdGhlIENyeXN0YWwgU2t1bGw='),(25,'RGFsYWkgTGFtYSBSZW5haXNzYW5jZQ=='),(25,'RmlyZXdhbGw='),(25,'SG9sbHl3b29kIEhvbWljaWRl'),(25,'Sy0xOTogVGhlIFdpZG93bWFrZXI='),(25,'QXBvY2FseXBzZSBOb3cgUmVkdXg='),(25,'V2hhdCBMaWVzIEJlbmVhdGg='),(25,'UmFuZG9tIEhlYXJ0cw=='),(25,'U2l4IERheXMsIFNldmVuIE5pZ2h0cw=='),(25,'QWlyIEZvcmNlIE9uZQ=='),(25,'VGhlIERldmlsJ3MgT3du'),(25,'U2FicmluYQ=='),(25,'Q2xlYXIgYW5kIFByZXNlbnQgRGFuZ2Vy'),(25,'SmltbXkgSG9sbHl3b29k'),(25,'VGhlIEZ1Z2l0aXZl'),(25,'UGF0cmlvdCBHYW1lcw=='),(25,'UmVnYXJkaW5nIEhlbnJ5'),(25,'UHJlc3VtZWQgSW5ub2NlbnQ='),(25,'SW5kaWFuYSBKb25lcyBhbmQgdGhlIExhc3QgQ3J1c2FkZQ=='),(25,'V29ya2luZyBHaXJs'),(25,'RnJhbnRpYw=='),(25,'VGhlIE1vc3F1aXRvIENvYXN0'),(25,'V2l0bmVzcw=='),(25,'SW5kaWFuYSBKb25lcyBhbmQgdGhlIFRlbXBsZSBvZiBEb29t'),(25,'U3RhciBXYXJzOiBFcGlzb2RlIFZJIC0gUmV0dXJuIG9mIHRoZSBKZWRp'),(25,'QmxhZGUgUnVubmVy'),(25,'QmxhZGUgUnVubmVyIChUaGUgRmluYWwgQ3V0KQ=='),(25,'UmFpZGVycyBvZiB0aGUgTG9zdCBBcms='),(25,'U3RhciBXYXJzOiBFcGlzb2RlIFYgLSBUaGUgRW1waXJlIFN0cmlrZXMgQmFjaw=='),(25,'TW9yZSBBbWVyaWNhbiBHcmFmZml0aQ=='),(25,'VGhlIEZyaXNjbyBLaWQ='),(25,'QXBvY2FseXBzZSBOb3c='),(25,'SGFub3ZlciBTdHJlZXQ='),(25,'Rm9yY2UgMTAgRnJvbSBOYXZhcm9uZQ=='),(25,'U3RhciBXYXJzOiBIb2xpZGF5IFNwZWNpYWw='),(25,'U3RhciBXYXJzOiBFcGlzb2RlIElWIC0gQSBOZXcgSG9wZQ=='),(25,'VGhlIENvbnZlcnNhdGlvbg=='),(25,'QW1lcmljYW4gR3JhZmZpdGk='),(25,'R2V0dGluZyBTdHJhaWdodA=='),(25,'WmFicmlza2llIFBvaW50');
/*!40000 ALTER TABLE `celebToMovie` ENABLE KEYS */;
UNLOCK TABLES;

--
-- Table structure for table `celebrity`
--

DROP TABLE IF EXISTS `celebrity`;
/*!40101 SET @saved_cs_client     = @@character_set_client */;
/*!40101 SET character_set_client = utf8 */;
CREATE TABLE `celebrity` (
  `id` int(11) NOT NULL AUTO_INCREMENT,
  `name` varchar(25) NOT NULL,
  `lastUpdated` datetime DEFAULT NULL,
  PRIMARY KEY (`id`)
) ENGINE=InnoDB AUTO_INCREMENT=26 DEFAULT CHARSET=utf8;
/*!40101 SET character_set_client = @saved_cs_client */;

--
-- Dumping data for table `celebrity`
--

LOCK TABLES `celebrity` WRITE;
/*!40000 ALTER TABLE `celebrity` DISABLE KEYS */;
INSERT INTO `celebrity` VALUES (1,'QnJhZCBQaXR0','2018-10-31 19:12:06'),(2,'U2FtdWVsIEwuIEphY2tzb24=','2018-10-31 19:13:41'),(3,'RW1tYSBTdG9uZQ==','2018-10-31 19:37:35'),(4,'SGVucnkgQ2F2aWxs','2018-10-31 19:38:03'),(5,'UGV0ZXIgSmFja3Nvbg==','2018-10-31 19:38:18'),(6,'Tmljb2xhcyBDYWdl','2018-10-31 19:38:56'),(7,'TGVvbmFyZG8gRGkgQ2Fwcmlv','2018-10-31 19:39:38'),(8,'VGVzc2EgVGhvbXBzb24=','2018-10-31 19:41:05'),(9,'TmF0YWxpZSBQb3J0bWFu','2018-10-31 19:41:40'),(10,'T3NjYXIgSXNhYWM=','2018-10-31 19:43:18'),(11,'T2N0YXZpYSBTcGVuY2Vy','2018-10-31 19:50:14'),(12,'QWRhbSBEcml2ZXI=','2018-10-31 19:50:59'),(13,'THVwaXRhIE55b25nJ28=','2018-10-31 19:53:18'),(14,'V2lsbCBTbWl0aA==','2018-10-31 19:54:21'),(15,'IFJvYmVydCBMb2dnaWE=','2018-10-31 19:56:29'),(16,'RXJuaWUgSHVkc29u','2018-10-31 20:02:49'),(17,'SmFtZXMgRWFybCBKb25lcw==','2018-10-31 20:03:19'),(18,'SmVubmlmZXIgTGF3cmVuY2U=','2018-10-31 20:04:10'),(19,'SmVubmlmZXIgSHVkc29u','2018-10-31 20:04:29'),(20,'UXVlZW4gTGF0aWZhaA==','2018-10-31 20:04:48'),(21,'QnJhZGxleSBDb29wZXI=','2018-10-31 20:44:17'),(22,'Sm9zaCBQZWNr','2018-10-31 23:02:30'),(23,'Sm9obiBCb3llZ2E=','2018-11-01 00:40:29'),(24,'RGFpc3kgUmlkbGV5','2018-11-01 00:42:46'),(25,'SGFycmlzb24gRm9yZA==','2018-11-01 00:43:48');
/*!40000 ALTER TABLE `celebrity` ENABLE KEYS */;
UNLOCK TABLES;

--
-- Table structure for table `movie`
--

DROP TABLE IF EXISTS `movie`;
/*!40101 SET @saved_cs_client     = @@character_set_client */;
/*!40101 SET character_set_client = utf8 */;
CREATE TABLE `movie` (
  `name` char(255) NOT NULL,
  `rating` int(4) DEFAULT NULL,
  `year` int(4) DEFAULT NULL,
  `boxOffice` varchar(10) DEFAULT NULL,
  PRIMARY KEY (`name`)
) ENGINE=InnoDB DEFAULT CHARSET=utf8;
/*!40101 SET character_set_client = @saved_cs_client */;

--
-- Dumping data for table `movie`
--

LOCK TABLES `movie` WRITE;
/*!40000 ALTER TABLE `movie` DISABLE KEYS */;
INSERT INTO `movie` VALUES ('bW90aGVyIQ==',69,2017,'$17.3M'),('eFh4OiBSZXR1cm4gb2YgWGFuZGVyIENhZ2U=',46,2017,'$44.9M'),('eFh4OiBTdGF0ZSBvZiB0aGUgVW5pb24=',16,2005,'$26.1M'),('MjEx',5,2018,'0'),('MTAgQ2xvdmVyZmllbGQgTGFuZQ==',90,2016,'$59.5M'),('MTAgWWVhcnM=',60,2012,'$0.3M'),('MTIgWWVhcnMgYSBTbGF2ZQ==',95,2013,'$50.7M'),('MTQwOA==',79,2007,'$72M'),('NDI=',80,2013,'$95.1M'),('OE1N',22,1999,'0'),('OTB0aCBBY2FkZW15IEF3YXJkcw==',45,2018,'0'),('Q293Ym95cyAmIEFsaWVucw==',45,2011,'$100.3M'),('Q29hY2ggQ2FydGVy',64,2005,'$67.2M'),('Q29sbGF0ZXJhbCBCZWF1dHk=',13,2016,'$31M'),('Q29sZCBNb3VudGFpbg==',70,2003,'0'),('Q29taW5nIHRvIEFtZXJpY2E=',67,1988,'0'),('Q29uIEFpcg==',55,1997,'0'),('Q29uY3Vzc2lvbg==',59,2015,'$23.3M'),('Q29uYW4gdGhlIEJhcmJhcmlhbg==',70,1982,'0'),('Q29uZ28=',22,1995,'0'),('Q29uZmlkZW5jZQ==',69,2003,'$12.2M'),('Q29uZmlybWF0aW9u',81,2016,'0'),('Q29uZmVzc2lvbnMgb2YgYSBEYW5nZXJvdXMgTWluZA==',78,2003,'0'),('Q29vbCBXb3JsZA==',4,1992,'0'),('Q2F0Y2ggTWUgSWYgWW91IENhbg==',96,2002,'$164.4M'),('Q2FuZHltYW46IERheSBvZiB0aGUgRGVhZA==',13,1999,'0'),('Q2FwdGFpbiBBbWVyaWNhOiBDaXZpbCBXYXI=',91,2016,'$408.1M'),('Q2FwdGFpbiBBbWVyaWNhOiBUaGUgRmlyc3QgQXZlbmdlcg==',79,2011,'$176.7M'),('Q2FwdGFpbiBBbWVyaWNhOiBUaGUgV2ludGVyIFNvbGRpZXI=',89,2014,'$228.7M'),('Q2FwdGFpbiBDb3JlbGxpJ3MgTWFuZG9saW4=',28,2001,'$25.3M'),('Q2FzcGVyOiBBIFNwaXJpdGVkIEJlZ2lubmluZw==',0,1997,'0'),('Q2FzZSAzOQ==',21,2010,'$13.3M'),('Q2hhbmdpbmcgTGFuZXM=',77,2002,'$66.7M'),('Q2hpLVJhcQ==',81,2015,'$2.7M'),('Q2hpY2Fnbw==',85,2002,'0'),('Q2hyaXN0bWFzIENhcm9sIC0gVGhlIE1vdmll',20,2001,'0'),('Q2hyb25pY2FsbHkgTWV0cm9wb2xpdGFu',40,2017,'0'),('Q2l0eSBvZiBBbmdlbHM=',58,1998,'0'),('Q2VsbA==',12,2016,'0'),('Q2VsZWJyaXR5',41,1998,'0'),('Q2xlYW4gU2xhdGU=',19,1994,'0'),('Q2xlYW5lcg==',17,2008,'0'),('Q2xlYXIgYW5kIFByZXNlbnQgRGFuZ2Vy',80,1994,'0'),('Q2xpZmZvcmQncyBSZWFsbHkgQmlnIE1vdmll',53,2004,'$2.8M'),('Q2xvc2Vy',68,2004,'$34M'),('Q3J5LCB0aGUgQmVsb3ZlZCBDb3VudHJ5',85,1995,'0'),('Q3JhenksIFN0dXBpZCwgTG92ZS4=',78,2011,'$83.3M'),('Q3JlZWQ=',95,2015,'$81.2M'),('Q3JpdHRlcnMgMw==',0,1991,'0'),('Q3Jvc3NpbmcgT3Zlcg==',16,2009,'$0.5M'),('Q3V0dGluZyBDbGFzcw==',25,1989,'0'),('Q3Vyc2Ugb2YgdGhlIFBpbmsgUGFudGhlcg==',29,1983,'0'),('Qm9keSBvZiBMaWVz',55,2008,'$39.4M'),('QmF0bWFuIHYgU3VwZXJtYW46IERhd24gb2YgSnVzdGljZQ==',27,2016,'$293.8M'),('QmF0bWFuOiBCYWQgQmxvb2Q=',100,2016,'0'),('QmF0dGxlIG9mIHRoZSBTZXhlcw==',85,2017,'$12.6M'),('QmF0dGxlIG9mIHRoZSBZZWFy',6,2013,'$8.9M'),('QmFiZWw=',69,2006,'$34.3M'),('QmFkIEdpcmxz',9,1994,'0'),('QmFkIEJveXM=',42,1995,'0'),('QmFkIEJveXMgSUk=',23,2003,'$138.4M'),('QmFkIExpZXV0ZW5hbnQ6IFBvcnQgb2YgQ2FsbCBOZXcgT3JsZWFucw==',86,2009,'$1.7M'),('QmFkIFNhbnRh',78,2003,'0'),('QmFkIFNhbnRhIDI=',23,2016,'$17.7M'),('QmFkIFRhc3Rl',68,1989,'0'),('QmFsaWJv',100,2009,'0'),('QmFuZ2tvayBEYW5nZXJvdXM=',8,2008,'$15.2M'),('QmFyYmVyc2hvcCAyOiBCYWNrIGluIEJ1c2luZXNz',69,2004,'$65M'),('QmFyZWx5IExldGhhbA==',24,2015,'0'),('QmFzaWM=',21,2003,'$26.6M'),('Qmln',97,1988,'0'),('QmlnIE1lbg==',100,2014,'$43.7k'),('QmlnIE1vbW1hJ3MgSG91c2U=',30,2000,'$0.5M'),('QmlnIEdhbWU=',78,2015,'$17.9k'),('QmlyZG1hbg==',91,2014,'0'),('QmlyZHk=',85,1984,'0'),('QmV0c3kncyBXZWRkaW5n',50,1990,'0'),('QmVhdXR5IFNob3A=',38,2005,'$36.4M'),('QmVhdXRpZnVsIEdpcmxz',79,1996,'0'),('QmVmb3JlIHRoZSBGbG9vZA==',71,2016,'0'),('QmVpbmcgSm9obiBNYWxrb3ZpY2g=',93,1999,'0'),('QmVzc2ll',89,2015,'0'),('Qmx1ZSBTdHJlYWs=',36,1999,'0'),('Qmx1ZWJpcmQ=',79,2014,'0'),('QmxhY0trS2xhbnNtYW4=',95,2018,'0'),('QmxhY2sgb3IgV2hpdGU=',41,2015,'$15.6M'),('QmxhY2sgTmF0aXZpdHk=',51,2013,'$4.9M'),('QmxhY2sgU25ha2UgTW9hbg==',66,2007,'$9.3M'),('QmxhY2sgU3dhbg==',85,2010,'$107M'),('QmxhY2sgUGFudGhlcg==',97,2018,'$501.2M'),('QmxhZGUgUnVubmVy',90,1982,'0'),('QmxhZGUgUnVubmVyIChUaGUgRmluYWwgQ3V0KQ==',91,1982,'$0.3M'),('QmxhZGUgUnVubmVyIDIwNDk=',87,2017,'$91.9M'),('Qmxvb2QgQ3JlZWs=',43,2009,'0'),('Qmxvb2QgRGlhbW9uZA==',62,2006,'$57.4M'),('QnJ1bm8=',67,2009,'$60M'),('QnJlYWtpbicgQWxsIHRoZSBSdWxlcw==',31,2004,'$11.9M'),('QnJpbmdpbmcgRG93biB0aGUgSG91c2U=',34,2003,'0'),('QnJpbmdpbmcgT3V0IHRoZSBEZWFk',71,1999,'0'),('QnJpZ2h0',26,2017,'0'),('QnJvd24gU3VnYXI=',66,2002,'$27.2M'),('QnJvdGhlcidzIEp1c3RpY2U=',0,2011,'0'),('QnJvdGhlcnM=',64,2009,'$28.6M'),('QnkgVGhlIFNlYQ==',35,2015,'$0.4M'),('QnVybiBBZnRlciBSZWFkaW5n',78,2008,'$60.4M'),('QnVybnQ=',29,2015,'0'),('QSBCZWF1dGlmdWwgUGxhbmV0',100,2016,'$7.5M'),('QSBGYW1pbHkgVGhpbmc=',73,1996,'0'),('QSBLaWQgTGlrZSBKYWtl',53,2018,'0'),('QSBNb3N0IFZpb2xlbnQgWWVhcg==',89,2015,'0'),('QSBNYW4ncyBTdG9yeQ==',33,2012,'0'),('QSBSaXZlciBSdW5zIFRocm91Z2ggSXQ=',82,1992,'0'),('QSBTaG9jayB0byB0aGUgU3lzdGVt',77,1990,'0'),('QSBTdGFyIElzIEJvcm4=',90,2018,'0'),('QSBUaG91c2FuZCBXb3Jkcw==',0,2012,'$18.5M'),('QSBUaW1lIHRvIEtpbGw=',65,1996,'0'),('QSBUYWxlIG9mIExvdmUgYW5kIERhcmtuZXNz',69,2016,'$0.6M'),('QVRM',62,2006,'$21.2M'),('QVRN',8,2012,'$2.5k'),('QW1lcmljYW4gR3JhZmZpdGk=',96,1973,'0'),('QW1lcmljYW4gSHVzdGxl',93,2013,'$99.2M'),('QW1lcmljYW4gU25pcGVy',72,2015,'$274.4M'),('QW1lcmljYW4gVmlyZ2lu',29,2000,'0'),('QW1vcyAmIEFuZHJldw==',21,1993,'0'),('QW4gT2ZmaWNlciBhbmQgYSBHZW50bGVtYW4=',81,1982,'0'),('QW55d2hlcmUgYnV0IEhlcmU=',64,2000,'0'),('QW5jaG9ybWFuIDI6IFRoZSBMZWdlbmQgQ29udGludWVz',75,2013,'$76.9M'),('QW5uaWhpbGF0aW9u',88,2018,'$20.7M'),('QW5uaWU=',29,2014,'$58.7M'),('QWdvcmE=',53,2010,'$0.7M'),('QWlyaGVhZHM=',21,1994,'0'),('QWlyIEZvcmNlIE9uZQ==',78,1997,'0'),('QWRhcHRhdGlvbg==',91,2002,'$22.2M'),('QWxp',67,2001,'$58.2M'),('QWxpZW5zIGluIHRoZSBBdHRpYw==',31,2009,'$25M'),('QWxsaWVk',59,2016,'$40.1M'),('QWxsIEFib3V0IFN0ZXZl',7,2009,'$33.9M'),('QWxsIEFib3V0IHRoZSBCZW5qYW1pbnM=',30,2002,'$25.5M'),('QWxsIEhhdA==',20,2007,'0'),('QWxvaGE=',20,2015,'$15.7M'),('QWZ0ZXIgRWFydGg=',12,2013,'$60.6M'),('QWZyaWNhOiBUaGUgU2VyZW5nZXRp',100,1994,'0'),('QXBvY2FseXBzZSBOb3c=',96,1979,'0'),('QXBvY2FseXBzZSBOb3cgUmVkdXg=',93,2001,'$2M'),('QXJjdGljIFRhbGU=',62,2007,'$0.6M'),('QXJteSBvZiBPbmU=',25,2016,'0'),('QXJtZWQgYW5kIERhbmdlcm91cw==',11,1986,'0'),('QXJzZW5hbA==',3,2017,'0'),('QXN0cm8gQm95IChBc3Ryb0JveSk=',50,2009,'$19.6M'),('QXQgRXRlcm5pdHkncyBHYXRl',76,2018,'0'),('QXR0YWNrIHRoZSBCbG9jaw==',90,2011,'$0.8M'),('QXZlbmdlcnM6IEFnZSBvZiBVbHRyb24=',75,2015,'$429.2M'),('QXZlbmdlcnM6IEluZmluaXR5IFdhcg==',84,2018,'$665M'),('R295YSdzIEdob3N0cw==',30,2007,'$0.8M'),('R29kIEdyZXcgVGlyZWQgT2YgVXM=',91,2007,'$0.2M'),('R29kJ3MgQXJteQ==',50,2000,'0'),('R29kJ3MgTm90IERlYWQgMg==',8,2016,'0'),('R29uZSBpbiA2MCBTZWNvbmRzIChHb25lIGluIFNpeHR5IFNlY29uZHMp',25,2000,'$101M'),('R29vZEZlbGxhcw==',96,1990,'0'),('R29zcGVsIEhpbGw=',33,2008,'0'),('R2F5Ynk=',90,2012,'$8.9k'),('R2FuZ3Mgb2YgTmV3IFlvcms=',74,2002,'$77.7M'),('R2FuZ3N0ZXIgU3F1YWQ=',32,2013,'$46M'),('R2FuZyBSZWxhdGVk',53,1997,'0'),('R2FyZGVucyBvZiBTdG9uZQ==',47,1987,'0'),('R2FyZGVuIFN0YXRl',86,2004,'$26.8M'),('R2hvc3QgUmlkZXI6IFNwaXJpdCBvZiBWZW5nZWFuY2U=',17,2012,'$51.8M'),('R2hvc3QgUmlkZXI=',27,2007,'$115.9M'),('R2hvc3RidXN0ZXJz',74,2016,'$128.4M'),('R2hvc3RidXN0ZXJzICgxOTg0IE9yaWdpbmFsKQ==',97,1984,'0'),('R2hvc3RidXN0ZXJzIDI=',53,1989,'0'),('R2hvc3RzIG9mIEdpcmxmcmllbmRzIFBhc3Q=',27,2009,'$55.2M'),('R2ltbWUgU2hlbHRlcg==',27,2014,'$1.4M'),('R2lybHMgVHJpcA==',90,2017,'$115.1M'),('R2V0dGluZyBTdHJhaWdodA==',25,1970,'0'),('R2V0IE9uIFVw',80,2014,'$22.9M'),('R2xhZGlhdG9y',25,1992,'0'),('R3JpbmRob3VzZQ==',83,2007,'$25M'),('R3VhcmRpbmcgVGVzcw==',58,1994,'0'),('R3VhcmRpYW5zIG9mIHRoZSBHYWxheHk=',91,2014,'$270.6M'),('R3VhcmRpYW5zIG9mIHRoZSBHYWxheHkgVm9sLiAy',83,2017,'$389.9M'),('RG8gdGhlIFJpZ2h0IFRoaW5n',90,1989,'0'),('RG9nIEVhdCBEb2c=',48,2016,'0'),('RGFsYWkgTGFtYSBSZW5haXNzYW5jZQ==',20,2007,'0'),('RGFubnkgQ29sbGlucw==',77,2015,'$4.3M'),('RGllIEhhcmQ6IFdpdGggYSBWZW5nZWFuY2U=',52,1995,'0'),('RGlubmVyIGZvciBTY2htdWNrcw==',41,2010,'$73M'),('RGlvciBhbmQgSQ==',83,2015,'0'),('RGlzbmV5bmF0dXJlIEFmcmljYW4gQ2F0cw==',72,2011,'$15.5M'),('RGlzbmV5bmF0dXJlIEVhcnRo',86,2009,'$32M'),('RGlzdHJpY3QgOQ==',90,2009,'$115.7M'),('RGphbmdvIFVuY2hhaW5lZA==',86,2012,'$162.9M'),('RGV0cm9pdA==',83,2017,'$16.8M'),('RGVhciBXaGl0ZSBQZW9wbGU=',91,2014,'0'),('RGVhZCBBbGl2ZQ==',86,1993,'0'),('RGVhZGZhbGw=',0,1993,'0'),('RGVlcCBCbHVlIFNlYQ==',57,1999,'0'),('RHIuIFN0cmFuZ2Vsb3ZlIE9yIEhvdyBJIExlYXJuZWQgdG8gU3RvcCBXb3JyeWluZyBhbmQgTG92ZSB0aGUgQm9tYg==',99,1964,'0'),('RHJhZ29uYmFsbCBFdm9sdXRpb24=',15,2009,'$9.4M'),('RHJhZyBNZSB0byBIZWxs',92,2009,'$42.1M'),('RHJldzogVGhlIE1hbiBCZWhpbmQgVGhlIFBvc3Rlcg==',50,2013,'$3.6k'),('RHJlYW1naXJscw==',78,2006,'$103.3M'),('RHJpbGxiaXQgVGF5bG9y',26,2008,'$32.9M'),('RHJpdmU=',92,2011,'$34.4M'),('RHJpdmUgQW5ncnk=',46,2011,'$10.8M'),('RHlpbmcgb2YgdGhlIExpZ2h0',9,2014,'0'),('Rm9jdXM=',55,2015,'$50.3M'),('Rm9ybXVsYSA1MQ==',26,2002,'$5.2M'),('Rm9yIEdyZWF0ZXIgR2xvcnk=',21,2012,'$5.7M'),('Rm9yIENvbG9yZWQgR2lybHM=',32,2010,'$37.8M'),('Rm9yY2UgMTAgRnJvbSBOYXZhcm9uZQ==',58,1978,'0'),('Rm9yZ290dGVuIFNpbHZlcg==',100,1997,'0'),('RmF0aGVycyBBbmQgRGF1Z2h0ZXJz',28,2016,'0'),('RmFjZS9PZmY=',92,1997,'0'),('RmFpbHVyZSB0byBMYXVuY2g=',24,2006,'$88.7M'),('RmFudGFzaWEgMjAwMA==',82,2000,'0'),('RmFzdCBUaW1lcyBBdCBSaWRnZW1vbnQgSGlnaA==',78,1982,'0'),('RmllbGQgb2YgRHJlYW1z',86,1989,'0'),('RmlnaHQgQ2x1Yg==',79,1999,'0'),('RmluZGVyJ3MgRmVl',60,2001,'0'),('RmlyZSBCaXJkcw==',10,1990,'0'),('RmlyZXdhbGw=',18,2006,'$48.7M'),('Rmx1a2U=',27,1995,'0'),('Rmx5cGFwZXI=',17,2011,'$1.6k'),('RmxpbnQ=',67,2017,'0'),('RnJ1aXR2YWxlIFN0YXRpb24=',94,2013,'$11.1M'),('RnJhbmNlcyBIYQ==',92,2013,'$4M'),('RnJhbnRpYw==',78,1988,'0'),('RnJhZ21lbnRz',45,2008,'0'),('RnJlc2g=',87,1994,'0'),('RnJlZSBab25l',26,2006,'0'),('RnJlZWRvbWxhbmQ=',23,2006,'$12.3M'),('RnJpZW5kcyBXaXRoIEJlbmVmaXRz',69,2011,'$55.9M'),('RnVsbCBGcm9udGFs',39,2002,'0'),('RnVubnkgTW9uZXk=',43,2006,'0'),('RnVybG91Z2g=',20,2018,'0'),('RnVyeQ==',77,2014,'$72.7M'),('RW5kZXIncyBHYW1l',61,2013,'$61.7M'),('RW5lbXkgb2YgdGhlIFN0YXRl',71,1998,'0'),('RWF0aW5nIEFuaW1hbHM=',91,2018,'0'),('RWF0IFByYXkgTG92ZQ==',36,2010,'$80.6M'),('RWFzeSBB',85,2010,'$58.5M'),('RWRkaWUgTXVycGh5IFJhdw==',81,1987,'0'),('RXggTWFjaGluYQ==',92,2015,'$19.1M'),('RXh0cmFvcmRpbmFyeSBNZWFzdXJlcw==',28,2010,'$11.9M'),('RXhjZXNzaXZlIEZvcmNl',20,1993,'0'),('RXhvcmNpc3QgSUk6IFRoZSBIZXJldGlj',17,1977,'0'),('RXZlcnl0aGluZyBQdXQgVG9nZXRoZXI=',69,2001,'0'),('RXZlcnlvbmUgU2F5cyBJIExvdmUgWW91',79,1996,'0'),('RXZlJ3MgQmF5b3U=',81,1996,'0'),('Ry1Gb3JjZQ==',22,2009,'$119.5M'),('S25pZ2h0IG9mIEN1cHM=',45,2016,'$0.4M'),('S25vd2luZw==',33,2009,'$80M'),('S29uZzogU2t1bGwgSXNsYW5k',75,2017,'$168M'),('S2FsaWZvcm5pYQ==',68,1993,'0'),('S2l0ZQ==',0,2014,'0'),('S2ljay1Bc3M=',75,2010,'$20.1M'),('S2ljay1Bc3MgMg==',33,2013,'$28.9M'),('S2lsbCBCaWxsOiBWb2x1bWUgMg==',84,2004,'0'),('S2lsbCBCaWxsOiBWb2x1bWUgMQ==',84,2003,'0'),('S2lsbGluZyBUaGVtIFNvZnRseQ==',74,2012,'$14.9M'),('S2luZ3NtYW46IFRoZSBTZWNyZXQgU2VydmljZQ==',74,2015,'$119.5M'),('S2luZyBLb25n',84,2005,'$218.2M'),('S2lzcyBvZiBEZWF0aA==',68,1995,'0'),('SG90IEZ1eno=',91,2007,'$23.7M'),('SG91c2UgUGFydHkgMg==',21,1991,'0'),('SG91c2UgYXQgdGhlIEVuZCBvZiB0aGUgU3RyZWV0',11,2012,'$31.6M'),('SG9sbHl3b29kIEhvbWljaWRl',30,2003,'$30.1M'),('SG9seSBNYW4=',12,1998,'0'),('SG9tZSBvZiB0aGUgQnJhdmU=',23,2006,'0'),('SG9uZXltb29uIGluIFZlZ2Fz',61,1992,'0'),('SG9vZGx1bQ==',43,1997,'0'),('SGF2b2M=',45,2005,'0'),('SGFpcnNwcmF5',91,2007,'$118.9M'),('SGFpcnNwcmF5IExpdmUh',76,2016,'0'),('SGFsZiBvZiBhIFllbGxvdyBTdW4=',50,2014,'$54.1k'),('SGFub3ZlciBTdHJlZXQ=',57,1979,'0'),('SGFuY29jaw==',41,2008,'$228M'),('SGFwcHkgRmVldA==',75,2006,'$197.8M'),('SGFwcHkgRmVldCBUd28=',46,2011,'$64M'),('SGFydmVzdA==',73,2011,'$7k'),('SGFyZCBFaWdodA==',83,1996,'0'),('SGl0ICYgUnVu',49,2012,'$13.7M'),('SGl0Y2g=',68,2005,'$177.6M'),('SGlkZGVuIEZpZ3VyZXM=',93,2017,'$169.4M'),('SGUncyBKdXN0IE5vdCBUaGF0IEludG8gWW91',40,2009,'$93.8M'),('SGVhcnQgYW5kIFNvdWxz',55,1993,'0'),('SGVhdA==',86,1995,'0'),('SGVhdmVubHkgQ3JlYXR1cmVz',92,1994,'0'),('SGVsbHJhaXNlcjogSGVsbHdvcmxk',20,2005,'0'),('SGVzaGVy',53,2011,'$0.3M'),('SHViYmxlIDNE',87,2010,'$51.8M'),('SHVuZ3J5IEhlYXJ0cw==',64,2015,'0'),('Si4gRWRnYXI=',43,2011,'$37.4M'),('Sm95',59,2015,'$42.6M'),('Sm95ZnVsIE5vaXNl',31,2012,'$29.1M'),('Sm9hbiBvZiBBcmM=',10,1999,'0'),('Sm9l',85,2014,'$0.3M'),('Sm9obm55IFN1ZWRl',33,1991,'0'),('SmFja2ll',87,2016,'$14M'),('SmFja2llIEJyb3du',86,1997,'0'),('SmFnZ2VkIEVkZ2U=',82,1985,'0'),('SmFuZSBHb3QgYSBHdW4=',41,2016,'$1M'),('SmltbXkgSG9sbHl3b29k',18,1994,'0'),('SmVmZmVyc29uIGluIFBhcmlz',31,1995,'0'),('SmVyc2V5IEdpcmw=',42,2004,'0'),('SnVkZ2UgRHJlZGQ=',17,1995,'0'),('SnVpY2U=',80,1992,'0'),('SnVtcGVy',16,2008,'$80.1M'),('SnVua2hlYXJ0cw==',64,2011,'0'),('SnVuZ2xlIEZldmVy',81,1991,'0'),('SnVyYXNzaWMgUGFyaw==',91,1993,'$45.3M'),('SnVzdCBXcmlnaHQ=',44,2010,'$21.6M'),('SnVzdGljZSBMZWFndWU=',41,2017,'$227.1M'),('SSBBbSBMZWdlbmQ=',69,2007,'$256.4M'),('SSBBbSBOb3QgWW91ciBOZWdybw==',98,2017,'$7.2M'),('SSBDYXB0dXJlIHRoZSBDYXN0bGU=',80,2003,'$1M'),('SSBMb3ZlIFRyb3VibGU=',20,1994,'0'),('SSwgUm9ib3Q=',57,2004,'$144.8M'),('SW1tb3J0YWxz',37,2011,'$83.5M'),('SW1wZXJpYWwgRHJlYW1z',91,2014,'0'),('SW4gdGhlIEFybXkgTm93',6,1994,'0'),('SW4gTXkgQ291bnRyeQ==',22,2005,'0'),('SW4gU2VjcmV0',41,2014,'$0.4M'),('SW50ZXJ2aWV3IHdpdGggdGhlIFZhbXBpcmU=',62,1994,'0'),('SW5jb25jZWl2YWJsZQ==',31,2017,'0'),('SW5jcmVkaWJsZXMgMg==',94,2018,'0'),('SW5jZXB0aW9u',86,2010,'$292.6M'),('SW5kaWFuYSBKb25lcyBhbmQgdGhlIEtpbmdkb20gb2YgdGhlIENyeXN0YWwgU2t1bGw=',77,2008,'$317M'),('SW5kaWFuYSBKb25lcyBhbmQgdGhlIExhc3QgQ3J1c2FkZQ==',88,1989,'0'),('SW5kaWFuYSBKb25lcyBhbmQgdGhlIFRlbXBsZSBvZiBEb29t',85,1984,'0'),('SW5kZXBlbmRlbmNlIERheQ==',63,1996,'0'),('SW5nbG91cmlvdXMgQmFzdGVyZHM=',88,2009,'$120.6M'),('SW5ub2NlbnQgQmxvb2Q=',41,1992,'0'),('SW5zaWRlIExsZXd5biBEYXZpcw==',92,2013,'$9.7M'),('SW5zdXJnZW50',29,2015,'$114.2M'),('SWNlIEFnZSAyOiBUaGUgTWVsdGRvd24=',57,2006,'$195.3M'),('SWNlIEFnZTogQ29sbGlzaW9uIENvdXJzZQ==',17,2016,'$64.1M'),('SWNlIEFnZTogQ29udGluZW50YWwgRHJpZnQ=',38,2012,'$161.4M'),('SWNlIEFnZTogRGF3biBvZiB0aGUgRGlub3NhdXJzIChJY2UgQWdlIDMp',46,2009,'$124.7M'),('SXJvbiBNYW4gMg==',73,2010,'$312.1M'),('SXJyYXRpb25hbCBNYW4=',46,2015,'0'),('SXQgQ291bGQgSGFwcGVuIHRvIFlvdQ==',71,1994,'0'),('Sy0xOTogVGhlIFdpZG93bWFrZXI=',60,2002,'$35.2M'),('T25lIEVpZ2h0IFNldmVu',30,1997,'0'),('T25seSBZZXN0ZXJkYXk=',100,1991,'$0.5M'),('T2NlYW4ncyBFbGV2ZW4=',82,2001,'$183.4M'),('T2NlYW4ncyBUaGlydGVlbg==',70,2007,'$78.9M'),('T2NlYW4ncyBUd2VsdmU=',55,2004,'$125.5M'),('T2xkYm95',40,2013,'$1.3M'),('T2xpdmVyICYgQ29tcGFueQ==',44,1988,'0'),('T3BlcmF0aW9uIEZpbmFsZQ==',59,2018,'0'),('T3BoZWxpYQ==',56,2018,'0'),('T3Bwb3J0dW5pdHkgS25vY2tz',13,1990,'0'),('T3JwaGFu',55,2009,'$41.5M'),('T3V0IG9mIFNpZ2h0',93,1998,'0'),('T3V0IG9mIHRoZSBGdXJuYWNl',54,2013,'$8.4M'),('T3V0Y2FzdA==',5,2015,'0'),('T3ZlciB0aGUgVG9w',40,1987,'0'),('TG9nYW4gTHVja3k=',92,2017,'$27.7M'),('TG9va2luZyBHbGFzcw==',17,2018,'0'),('TG9va2luZyBmb3IgUmljaGFyZA==',81,1996,'0'),('TG9yZCBvZiBXYXI=',61,2005,'$24.1M'),('TG9zaW5nIElzYWlhaA==',45,1995,'0'),('TG9zdCBIaWdod2F5',60,1997,'0'),('TGEgTGEgTGFuZA==',91,2016,'$151.1M'),('TGFja2F3YW5uYSBCbHVlcw==',75,2005,'0'),('TGFrZXZpZXcgVGVycmFjZQ==',45,2008,'$39.3M'),('TGFzdCBIb2xpZGF5',55,2006,'$38.4M'),('TGl0dGxlIFdvb2Rz',100,2018,'0'),('TGl2aW5nIE91dCBMb3Vk',59,1998,'0'),('TGl2aW5nIGluIHRoZSBBZ2Ugb2YgQWlycGxhbmVz',57,2015,'0'),('TGl2ZSBCeSBOaWdodA==',35,2017,'$10.4M'),('TGlmZSBJdHNlbGY=',12,2018,'0'),('TGlrZSBDcmF6eQ==',72,2011,'$3.4M'),('TGltaXRsZXNz',69,2011,'$79.3M'),('TGluY29sbg==',89,2012,'$129.5M'),('TGV2aWF0aGFu',17,1989,'0'),('TGVhdmluZyBMYXMgVmVnYXM=',90,1995,'0'),('TGVmdCBCZWhpbmQ=',1,2014,'$10.7M'),('TGVnYWxseSBCbG9uZGUgMiAtIFJlZCwgV2hpdGUgJiBCbG9uZGU=',37,2003,'$89.9M'),('TGVnZW5kcyBvZiB0aGUgRmFsbA==',56,1994,'0'),('THVsbGFieQ==',31,2014,'0'),('Tm8gR29vZCBEZWVk',27,2003,'0'),('Tm8gRXNjYXBl',50,1994,'0'),('Tm8gU3RyaW5ncyBBdHRhY2hlZA==',49,2011,'$70.3M'),('Tm9iZWwgU29u',25,2008,'$0.4M'),('Tm9uLVN0b3A=',60,2014,'$80.5M'),('TmF0aW9uYWwgTGFtcG9vbidzIExvYWRlZCBXZWFwb24gMQ==',15,1993,'0'),('TmF0aW9uYWwgVHJlYXN1cmU6IEJvb2sgb2YgU2VjcmV0cw==',36,2007,'$220M'),('TmF0aW9uYWwgVHJlYXN1cmU=',45,2004,'$173M'),('TmFwcGlseSBFdmVyIEFmdGVy',64,2018,'0'),('TmlnaHRpbmdhbGU=',81,2015,'0'),('TmV2ZXIgQmVlbiBLaXNzZWQ=',57,1999,'0'),('TmV3IFlvcmssIEkgTG92ZSBZb3U=',37,2009,'$1.6M'),('TmV4dA==',28,2007,'$18M'),('TmVjZXNzYXJ5IFJvdWdobmVzcw==',31,1991,'0'),('TOlvbjogVGhlIFByb2Zlc3Npb25hbA==',72,1994,'0'),('TW8nIEJldHRlciBCbHVlcw==',73,1990,'0'),('TW90aGVyIGFuZCBDaGlsZA==',78,2010,'$1.2M'),('TW92aWUgNDM=',4,2013,'$8.8M'),('TW9qYXZl',31,2016,'0'),('TW9tIGFuZCBEYWQ=',75,2018,'0'),('TW9uZXliYWxs',94,2011,'$75.7M'),('TW9vbmxpZ2h0',98,2016,'$27.9M'),('TW9vbnN0cnVjaw==',93,1987,'0'),('TW9ybmluZyBHbG9yeQ==',56,2010,'$31M'),('TW9yZSBBbWVyaWNhbiBHcmFmZml0aQ==',22,1979,'$8.2M'),('TWF0Y2hzdGljayBNZW4=',82,2003,'$36.9M'),('TWF0ZXdhbjogQSBMdXRhIEZpbmFs',93,1987,'0'),('TWF4IEtlZWJsZSdzIEJpZyBNb3Zl',29,2001,'$16.6M'),('TWFkIE1vbmV5',22,2008,'$20.6M'),('TWFkZSBpbiBBbWVyaWNh',29,1993,'0'),('TWFnaWMgaW4gdGhlIE1vb25saWdodA==',51,2014,'0'),('TWFrZSBJdCBIYXBwZW4=',22,2008,'0'),('TWFtYSBBZnJpY2E6IEdyb3dpbmcgVXAgVXJiYW4=',44,2002,'0'),('TWFuIG9mIFN0ZWVs',55,2013,'$291.1M'),('TWFuZHk=',92,2018,'0'),('TWFyaWx5biBIb3RjaGtpc3MgQmFsbHJvb20gRGFuY2luZyAmIENoYXJtIFNjaG9vbA==',22,2006,'$0.2M'),('TWFybWFkdWtl',9,2010,'$33.7M'),('TWFycyBBdHRhY2tzIQ==',52,1996,'0'),('TWFydmluJ3MgUm9vbQ==',80,1996,'0'),('TWFydmVsJ3MgVGhlIEF2ZW5nZXJz',92,2012,'$623.3M'),('TWlkbmlnaHQgU3BlY2lhbA==',83,2016,'$3.4M'),('TWlsaXVz',94,2013,'0'),('TWlyYWNsZXMgZnJvbSBIZWF2ZW4=',43,2016,'0'),('TWlzc2lvbjogSW1wb3NzaWJsZSAtIEZhbGxvdXQ=',97,2018,'0'),('TWlzcyBDb25nZW5pYWxpdHk=',42,2000,'0'),('TWlzcyBDb25nZW5pYWxpdHkgMiAtIEFybWVkIGFuZCBGYWJ1bG91cw==',15,2005,'$47.1M'),('TWlzcyBQZXJlZ3JpbmUncyBIb21lIGZvciBQZWN1bGlhciBDaGlsZHJlbg==',64,2016,'$87.3M'),('TWVhbiBDcmVlaw==',89,2004,'$0.3M'),('TWVldCB0aGUgRmVlYmxlcw==',71,1989,'0'),('TWVldCBKb2UgQmxhY2s=',50,1998,'0'),('TWVldGluZyBFdmls',22,2012,'$181'),('TWVnYW1pbmQ=',72,2010,'$148.3M'),('TWVuIGluIEJsYWNr',92,1997,'0'),('TWVuIGluIEJsYWNrIElJ',39,2002,'$190.4M'),('TWVuIGluIEJsYWNrIElJSQ==',68,2012,'$179.1M'),('TWVuYWNlIElJIFNvY2lldHk=',83,1993,'0'),('TWVybGlu',82,1998,'0'),('TXIuICYgTXJzLiBTbWl0aA==',59,2005,'$186.2M'),('TXIuIE1hZ29v',7,1997,'0'),('TXIuIE1hZ29yaXVtJ3MgV29uZGVyIEVtcG9yaXVt',38,2007,'$32.1M'),('TXkgQmx1ZWJlcnJ5IE5pZ2h0cw==',47,2007,'$0.8M'),('TXkgSXRhbGlhbiBTZWNyZXQ6IFRoZSBGb3Jnb3R0ZW4gSGVyb2Vz',80,2015,'0'),('TXkgTGl0dGxlIEV5ZQ==',67,2002,'0'),('TXkgTGlmZQ==',43,1993,'0'),('TXVoYW1tYWQgQWxpOiBUaHJvdWdoIHRoZSBFeWVzIG9mIHRoZSBXb3JsZA==',67,2001,'0'),('TXVyZGVyIE9uIFRoZSBPcmllbnQgRXhwcmVzcw==',57,2017,'$101.6M'),('U21hbGwgVG93biBDcmltZQ==',75,2018,'0'),('U21hc2hlZA==',84,2012,'$0.4M'),('U21pbGxhJ3MgU2Vuc2Ugb2YgU25vdw==',52,1997,'0'),('U25ha2UgRXllcw==',40,1998,'0'),('U25ha2VzIG9uIGEgUGxhbmU=',69,2006,'$33.9M'),('U25hdGNo',73,2001,'$30.1M'),('U25lYWtlcnM=',80,1992,'0'),('U25vb3AgRG9nZydzIEhvb2Qgb2YgSG9ycm9y',11,2007,'0'),('U25vd2Rlbg==',61,2016,'$21.6M'),('U25vd3BpZXJjZXI=',94,2014,'$2.8M'),('U25vdyBEYXk=',28,2000,'0'),('U291bCBNYW4=',14,1986,'0'),('U291bCBNZW4=',45,2008,'$12M'),('U29tbWVyc2J5',64,1993,'0'),('U29tZWJvZHkgVXAgVGhlcmUgTGlrZXMgTWU=',82,1956,'0'),('U29ubnk=',23,2002,'0'),('U29uZyB0byBTb25n',43,2017,'$0.5M'),('U29ycnkgdG8gQm90aGVyIFlvdQ==',93,2018,'0'),('U2F2aW5nIEZhY2U=',86,2005,'$1.1M'),('U2FicmluYQ==',64,1995,'0'),('U2FuZCBDYXN0bGU=',47,2017,'0'),('U2FuZHkgV2V4bGVy',27,2017,'0'),('U2h1dHRlciBJc2xhbmQ=',68,2010,'$125.1M'),('U2hhcmsgQXR0YWNr',0,1999,'0'),('U2hhcmsgVGFsZQ==',35,2004,'$160.8M'),('U2hhZG93IG9mIHRoZSBWYW1waXJl',81,2000,'$7.6M'),('U2hhZnQ=',68,2000,'$70.4M'),('U2hvd3RpbWU=',25,2002,'$38M'),('U2hyaW5r',28,2009,'$93.8k'),('U2l4IERheXMsIFNldmVuIE5pZ2h0cw==',36,1998,'0'),('U2l4IERlZ3JlZXMgb2YgU2VwYXJhdGlvbg==',88,1993,'0'),('U2lsdmVyIExpbmluZ3MgUGxheWJvb2s=',92,2012,'$132.1M'),('U2lsZW5jZQ==',84,2017,'$7.1M'),('U2luYmFkOiBMZWdlbmQgb2YgdGhlIFNldmVuIFNlYXM=',45,2003,'$26.4M'),('U2luZw==',72,2016,'$270.4M'),('U2NhcmZhY2U=',82,1983,'$0.7M'),('U2NhcnkgTW92aWUgMw==',36,2003,'0'),('U2NhcnkgTW92aWUgNA==',36,2006,'$90.7M'),('U2Nob29sIERhemU=',62,1988,'0'),('U2V0IEl0IE9mZg==',63,1996,'0'),('U2V2ZW4gKFNlN2VuKQ==',81,1995,'0'),('U2V2ZW4gUG91bmRz',26,2008,'$70M'),('U2V2ZW4gWWVhcnMgaW4gVGliZXQ=',60,1997,'0'),('U2V4IGFuZCB0aGUgQ2l0eQ==',50,2008,'$152.6M'),('U2Vhc29uIG9mIHRoZSBXaXRjaA==',9,2011,'$24.9M'),('U2VhIG9mIExvdmU=',78,1989,'0'),('U2Vla2luZyBKdXN0aWNl',26,2012,'$0.5M'),('U2VsbWE=',99,2015,'0'),('U2VyZW5h',16,2015,'$0.4M'),('U2xlZXBlcnM=',73,1996,'0'),('U3B1bg==',37,2003,'$0.3M'),('U3B5IEdhbWU=',66,2001,'$62.4M'),('U3BhcmtsZXI=',17,1999,'0'),('U3BhY2VodW50ZXI6IEFkdmVudHVyZXMgaW4gdGhlIEZvcmJpZGRlbiBab25l',18,1983,'0'),('U3BhY2VtYW4=',0,2016,'0'),('U3BlY2lhbA==',57,2006,'0'),('U3BlZWNobGVzcw==',11,1994,'0'),('U3BoZXJl',12,1998,'0'),('U3BpZGVyLU1hbg==',90,2002,'$403.8M'),('U3RhciBXYXJzOiBFcGlzb2RlIEkgLSBUaGUgUGhhbnRvbSBNZW5hY2U=',55,1999,'$431.1M'),('U3RhciBXYXJzOiBFcGlzb2RlIElJIC0gQXR0YWNrIG9mIHRoZSBDbG9uZXM=',66,2002,'$307.9M'),('U3RhciBXYXJzOiBFcGlzb2RlIElJSSAtIFJldmVuZ2Ugb2YgdGhlIFNpdGg=',79,2005,'0'),('U3RhciBXYXJzOiBFcGlzb2RlIElWIC0gQSBOZXcgSG9wZQ==',93,1977,'0'),('U3RhciBXYXJzOiBFcGlzb2RlIFYgLSBUaGUgRW1waXJlIFN0cmlrZXMgQmFjaw==',95,1980,'$4.6M'),('U3RhciBXYXJzOiBFcGlzb2RlIFZJIC0gUmV0dXJuIG9mIHRoZSBKZWRp',80,1983,'0'),('U3RhciBXYXJzOiBFcGlzb2RlIFZJSSAtIFRoZSBGb3JjZSBBd2FrZW5z',93,2015,'$936.7M'),('U3RhciBXYXJzOiBIb2xpZGF5IFNwZWNpYWw=',33,1978,'0'),('U3RhciBXYXJzOiBUaGUgQ2xvbmUgV2Fycw==',18,2008,'$35.1M'),('U3RhciBXYXJzOiBUaGUgTGFzdCBKZWRp',91,2017,'$619.2M'),('U3RhcmR1c3Q=',76,2007,'$38.3M'),('U3RvbGVu',16,2012,'$0.3M'),('U3RyaWN0bHkgQnVzaW5lc3M=',10,1991,'0'),('U3RyYW5nZXIgVGhhbiBGaWN0aW9u',72,2006,'$40.2M'),('U3VidXJiaWNvbg==',28,2017,'$5.8M'),('U3Vja2VyIFB1bmNo',23,2011,'$36.4M'),('U3VnYXIgSGlsbA==',20,1994,'0'),('U3VpY2lkZSBTcXVhZA==',27,2016,'$325.1M'),('U3VwZXJiYWQ=',87,2007,'$121.5M'),('UFUtMjM5',57,2006,'0'),('UG9pc29uIEl2eQ==',37,1992,'0'),('UGF0cmlvdCBHYW1lcw==',73,1992,'0'),('UGF0ZXJzb24=',96,2016,'$2.2M'),('UGF5IHRoZSBHaG9zdA==',10,2015,'0'),('UGFjaWZpYyBSaW0gVXByaXNpbmc=',44,2018,'0'),('UGFwZXIgTWFu',32,2010,'0'),('UGFyaXMgSmUgVCdhaW1l',87,2007,'$4.9M'),('UGFyYW5vaWE=',7,2013,'$5.4M'),('UGFzc2VuZ2Vycw==',30,2016,'$100.1M'),('UGlub2NjaGlv',0,2002,'$3.7M'),('UGV0ZXIgUmFiYml0',64,2018,'$84.1M'),('UGVnZ3kgU3VlIEdvdCBNYXJyaWVk',85,1986,'0'),('UGVyY3kgSmFja3NvbjogU2VhIG9mIE1vbnN0ZXJz',43,2013,'$68.6M'),('UGxhbmV0IFRlcnJvciAoR3JpbmRob3VzZSBQcmVzZW50czogUm9iZXJ0IFJvZHJpZ3VleidzIFBsYW5ldCBUZXJyb3Ip',74,2007,'0'),('UHJlc3VtZWQgSW5ub2NlbnQ=',87,1990,'0'),('UHJpenppJ3MgSG9ub3I=',88,1985,'0'),('UHJpZGUgYW5kIFByZWp1ZGljZSBhbmQgWm9tYmllcw==',43,2016,'$8.7M'),('UHN5Y2hvIElJ',61,1983,'0'),('UHVsc2U=',11,2006,'$20.3M'),('UHVscCBGaWN0aW9u',94,1994,'0'),('Um9iaW4gSG9vZA==',43,2010,'$105.3M'),('Um9ib0NvcA==',49,2014,'$50.7M'),('Um9ib3Rz',64,2005,'$128.2M'),('Um9ndWUgT25lOiBBIFN0YXIgV2FycyBTdG9yeQ==',85,2016,'$532.2M'),('Um9tZW8gKyBKdWxpZXQ=',71,1996,'0'),('UmF5IEhhcnJ5aGF1c2VuOiBTcGVjaWFsIEVmZmVjdHMgVGl0YW4=',92,2011,'0'),('UmFjaW5nIFdpdGggdGhlIE1vb24=',60,1984,'0'),('UmFndGltZQ==',90,1981,'0'),('UmFnZQ==',12,2014,'0'),('UmFpc2luZyBBcml6b25h',91,1987,'0'),('UmFpZGVycyBvZiB0aGUgTG9zdCBBcms=',95,1981,'0'),('UmFuZG9tIEhlYXJ0cw==',15,1999,'0'),('UmV0dXJuIHRvIE1l',61,2000,'0'),('UmV2b2x1dGlvbmFyeSBSb2Fk',67,2008,'$22.9M'),('UmVhc29uYWJsZSBEb3VidA==',13,2014,'0'),('UmVkIERhd24=',13,2012,'$44.8M'),('UmVkIFJpZGluZyBIb29k',10,2011,'$37.2M'),('UmVkIFJvY2sgV2VzdA==',95,1993,'0'),('UmVkIFNwYXJyb3c=',47,2018,'$17.1M'),('UmVnYXJkaW5nIEhlbnJ5',43,1991,'0'),('UmVsZW50bGVzcw==',40,1989,'0'),('UmVzdXJyZWN0aW5nIHRoZSBDaGFtcA==',60,2007,'$3M'),('UnVsZXMgb2YgRW5nYWdlbWVudA==',36,2000,'0'),('UnVtYmxlIEZpc2g=',72,1983,'0'),('UnVubmluZyBXaXRoIFNjaXNzb3Jz',31,2006,'$6.8M'),('UnVubmVyIFJ1bm5lcg==',8,2013,'$19.4M'),('UXVlZW4gb2YgS2F0d2U=',93,2016,'$8.9M'),('Uy5PLkIu',86,1981,'$14.9M'),('Uy5XLkEuVC4=',48,2003,'$116.7M'),('V29uJ3QgQmFjayBEb3du',34,2012,'$5.4M'),('V29ya2luZyBHaXJs',85,1988,'0'),('V29ybGQgV2FyIFo=',66,2013,'$202.4M'),('V29ybGQgVHJhZGUgQ2VudGVy',67,2006,'$70.3M'),('V2FyIE1hY2hpbmU=',49,2017,'0'),('V2FyIERvZ3M=',60,2016,'$43.1M'),('V2FyIG9uIEV2ZXJ5b25l',58,2017,'$0.2M'),('V2hhdCBHb2VzIFVw',16,2009,'0'),('V2hhdCBIYXBwZW5zIGluIFZlZ2Fz',27,2008,'$80.2M'),('V2hhdCBJZg==',73,2014,'$2.8M'),('V2hhdCBMaWVzIEJlbmVhdGg=',46,2000,'$155.1M'),('V2hhdCBQbGFuZXQgQXJlIFlvdSBGcm9tPw==',42,2000,'0'),('V2hhdCdzIEVhdGluZyBHaWxiZXJ0IEdyYXBl',89,1993,'0'),('V2hhdGV2ZXIgV29ya3M=',49,2009,'$5.3M'),('V2hlbiBhIFN0cmFuZ2VyIENhbGxz',9,2006,'$47.9M'),('V2hlcmUgdGhlIEhlYXJ0IElz',35,2000,'0'),('V2hlcmUgdGhlIERheSBUYWtlcyBZb3U=',80,1992,'0'),('V2hpbGUgV2UncmUgWW91bmc=',84,2015,'$7.1M'),('V2hpdGUgU2FuZHM=',47,1992,'0'),('V2hvJ3MgdGhlIE1hbj8=',43,1993,'0'),('V2hvJ3MgWW91ciBDYWRkeT8=',6,2007,'$5.6M'),('V2l0bmVzcw==',92,1985,'0'),('V2lkZSBBd2FrZQ==',40,1998,'0'),('V2lsZCBBdCBIZWFydA==',66,1990,'0'),('V2lsZCBXaWxkIFdlc3Q=',17,1999,'0'),('V2lubmllIE1hbmRlbGE=',17,2013,'$62.3k'),('V2ludGVyJ3MgQm9uZQ==',94,2010,'$6.2M'),('V2ludGVyJ3MgVGFsZQ==',13,2014,'$10.7M'),('V2luIGEgRGF0ZSBXaXRoIFRhZCBIYW1pbHRvbiE=',52,2004,'$16.9M'),('V2luZHRhbGtlcnM=',32,2002,'$40.6M'),('V2V0IEhvdCBBbWVyaWNhbiBTdW1tZXI=',33,2001,'0'),('V2VkZGluZyBDcmFzaGVycw==',76,2005,'$209.3M'),('V2VlZHM=',80,1987,'0'),('V2VsY29tZSBIb21lIFJvc2NvZSBKZW5raW5z',23,2008,'$42.2M'),('V2VzdCBvZiBNZW1waGlz',96,2012,'$0.4M'),('VG90YWwgRWNsaXBzZQ==',25,1995,'0'),('VGF4aQ==',10,2004,'0'),('VGhhdCdzIExpZmUh',46,1986,'0'),('VGhlbG1hICYgTG91aXNl',84,1991,'0'),('VGhleSBTaGFsbCBOb3QgR3JvdyBPbGQ=',93,2018,'0'),('VGhlIDExdGggSG91cg==',67,2007,'$0.6M'),('VGhlIE11cHBldHMnIFdpemFyZCBvZiBPeg==',38,2005,'0'),('VGhlIE1haW4gRXZlbnQ=',38,1979,'0'),('VGhlIE1hbg==',12,2005,'$8.3M'),('VGhlIE1hbiBGcm9tIFUuTi5DLkwuRS4=',66,2015,'$38.2M'),('VGhlIE1hbiBpbiB0aGUgSXJvbiBNYXNr',33,1998,'0'),('VGhlIE1hc3RlciBvZiBEaXNndWlzZQ==',1,2002,'$40.5M'),('VGhlIE1hcnJ5aW5nIE1hbg==',10,1991,'0'),('VGhlIE1ldGVvciBNYW4=',29,1993,'0'),('VGhlIE1leGljYW4=',55,2001,'$66.6M'),('VGhlIE1pZG5pZ2h0IE1lYXQgVHJhaW4=',71,2008,'$34.9k'),('VGhlIE1vc3F1aXRvIENvYXN0',76,1986,'0'),('VGhlIE5ha2VkIEd1biAzMyAxLzM6IFRoZSBGaW5hbCBJbnN1bHQ=',55,1994,'0'),('VGhlIE5hdGl2aXR5IFN0b3J5',38,2006,'$37.7M'),('VGhlIE5ldyBBZ2U=',69,1994,'0'),('VGhlIE5lZ290aWF0b3I=',75,1998,'0'),('VGhlIE5pbmVz',65,2007,'0'),('VGhlIE5pbnRoIENvbmZpZ3VyYXRpb24gKFR3aW5rbGUsIFR3aW5rbGUsIEtpbGxlciBLYW5lKQ==',75,1980,'0'),('VGhlIE5vcm1hbCBIZWFydA==',94,2014,'0'),('VGhlIE90aGVyIEd1eXM=',78,2010,'$119.3M'),('VGhlIE90aGVyIEJvbGV5biBHaXJs',42,2008,'$26.9M'),('VGhlIE90aGVyIFdvbWFu',38,2011,'$21.1k'),('VGhlIE9jdGFnb24=',33,1980,'0'),('VGhlIEdyZWF0IEdhdHNieQ==',49,2013,'$144.9M'),('VGhlIEdyZWF0IEdpbGx5IEhvcGtpbnM=',65,2016,'0'),('VGhlIEdyZWF0IFdoaXRlIEh5cGU=',43,1996,'0'),('VGhlIEdyZWF0IFdoaXRlIEhvcGU=',43,1970,'0'),('VGhlIEdyZWF0ZXN0IFN0b3J5IEV2ZXIgVG9sZA==',37,1965,'0'),('VGhlIEEtVGVhbQ==',48,2010,'$77.3M'),('VGhlIEF2aWF0b3I=',87,2004,'$102.6M'),('VGhlIEFkdmVudHVyZXMgb2YgVGludGlu',74,2011,'$75.3M'),('VGhlIEFnZSBvZiBBZGFsaW5l',56,2015,'0'),('VGhlIEFtYXppbmcgU3BpZGVyLU1hbg==',72,2012,'$262.1M'),('VGhlIEFtYXppbmcgU3BpZGVyLU1hbiAy',52,2014,'$183.3M'),('VGhlIEFubmloaWxhdGlvbiBvZiBGaXNo',70,2000,'0'),('VGhlIEFudCBCdWxseQ==',63,2006,'$28.1M'),('VGhlIEFuZ3JpZXN0IE1hbiBpbiBCcm9va2x5bg==',10,2014,'0'),('VGhlIEFzc2Fzc2luYXRpb24gb2YgSmVzc2UgSmFtZXMgYnkgdGhlIENvd2FyZCBSb2JlcnQgRm9yZA==',76,2007,'$4M'),('VGhlIEFzc2Fzc2luYXRpb24gb2YgUmljaGFyZCBOaXhvbg==',67,2004,'$0.6M'),('VGhlIEh1bmdlciBHYW1lcw==',83,2012,'$408M'),('VGhlIEh1bmdlciBHYW1lczogQ2F0Y2hpbmcgRmlyZQ==',89,2013,'$336.7M'),('VGhlIEh1bmdlciBHYW1lczogTW9ja2luZ2pheSAtIFBhcnQgMg==',70,2015,'$254.7M'),('VGhlIEh1bmdlciBHYW1lczogTW9ja2luZ2pheSAtIFBhcnQgMQ==',67,2014,'$295.5M'),('VGhlIEh1bnQgZm9yIFJlZCBPY3RvYmVy',87,1990,'0'),('VGhlIEh1bWFuaXR5IEJ1cmVhdQ==',25,2018,'0'),('VGhlIEhhbmdvdmVy',78,2009,'$277.4M'),('VGhlIEhhbmdvdmVyIFBhcnQgSUk=',33,2011,'$254.4M'),('VGhlIEhhbmdvdmVyIFBhcnQgSUlJ',21,2013,'$112.2M'),('VGhlIEhhbmQgdGhhdCBSb2NrcyB0aGUgQ3JhZGxl',64,1992,'0'),('VGhlIEhhdGVmdWwgRWlnaHQ=',74,2015,'$54.2M'),('VGhlIEhlbHA=',75,2011,'$169.8M'),('VGhlIEhpcCBIb3AgUHJvamVjdA==',58,2006,'0'),('VGhlIEhpdG1hbidzIEJvZHlndWFyZA==',40,2017,'$75.1M'),('VGhlIEhvdXNlIEJ1bm55',43,2008,'$48.3M'),('VGhlIEhvYmJpdDogQW4gVW5leHBlY3RlZCBKb3VybmV5',65,2012,'$303.1M'),('VGhlIEhvYmJpdDogVGhlIEJhdHRsZSBvZiB0aGUgRml2ZSBBcm1pZXM=',59,2014,'$187.8M'),('VGhlIEhvYmJpdDogVGhlIERlc29sYXRpb24gb2YgU21hdWc=',75,2013,'$180.5M'),('VGhlIEJ1cm5pbmcgUGxhaW4=',36,2009,'$0.2M'),('VGhlIEJhc2tldGJhbGwgRGlhcmllcw==',46,1995,'0'),('VGhlIEJlbGlldmVycw==',31,1987,'0'),('VGhlIEJlYWNo',20,2000,'0'),('VGhlIEJlYXZlcg==',61,2011,'$0.9M'),('VGhlIEJpbmdvIExvbmcgVHJhdmVsaW5nIEFsbC1TdGFycyAmIE1vdG9yIEtpbmdz',87,1976,'0'),('VGhlIEJpZyBTaG9ydA==',88,2015,'0'),('VGhlIEJvdXJuZSBMZWdhY3k=',56,2012,'$113.2M'),('VGhlIEl2b3J5IEdhbWU=',80,2016,'0'),('VGhlIElkZXMgb2YgTWFyY2g=',83,2011,'$41M'),('VGhlIEluY3JlZGlibGVz',97,2004,'0'),('VGhlIEluZXZpdGFibGUgRGVmZWF0IG9mIE1pc3RlciAmIFBldGU=',89,2013,'$0.5M'),('VGhlIEN1cmlvdXMgQ2FzZSBvZiBCZW5qYW1pbiBCdXR0b24=',72,2008,'$127.5M'),('VGhlIENhdmVtYW4ncyBWYWxlbnRpbmU=',45,2001,'0'),('VGhlIENpcmNsZQ==',15,2017,'$20.5M'),('VGhlIENvb2tvdXQ=',5,2004,'$11.6M'),('VGhlIENvbGQgTGlnaHQgb2YgRGF5',5,2012,'$3.8M'),('VGhlIENvbnZlcnNhdGlvbg==',98,1974,'0'),('VGhlIENvbWViYWNrcw==',9,2007,'$13.4M'),('VGhlIENvbWVkaWFucw==',27,1967,'0'),('VGhlIENvd2JveSBXYXk=',15,1994,'0'),('VGhlIENvdHRvbiBDbHVi',70,1984,'0'),('VGhlIENvdW50cnkgQmVhcnM=',30,2002,'$16.9M'),('VGhlIENvdW50IG9mIE1vbnRlIENyaXN0bw==',74,2002,'$54.2M'),('VGhlIENvdW5zZWxvcg==',35,2013,'$14.7M'),('VGhlIENyb29kcw==',71,2013,'$187.2M'),('VGhlIENyb3c=',81,1994,'0'),('VGhlIEp1bmdsZSBCb29r',95,2016,'$364M'),('VGhlIERhcmplZWxpbmcgTGltaXRlZA==',69,2007,'$11.9M'),('VGhlIERlcGFydGVk',90,2006,'$132.3M'),('VGhlIERldmlsJ3MgT3du',34,1997,'0'),('VGhlIERlYWw=',21,2005,'0'),('VGhlIERlYXRoIGFuZCBMaWZlIG9mIEpvaG4gRi4gRG9ub3Zhbg==',7,2018,'0'),('VGhlIERpbGVtbWE=',24,2011,'$48.5M'),('VGhlIERpdmVyZ2VudCBTZXJpZXM6IEFsbGVnaWFudA==',12,2016,'0'),('VGhlIEthcmF0ZSBLaWQ=',65,2010,'$176.6M'),('VGhlIEV4b3JjaXN0IElJSQ==',56,1990,'0'),('VGhlIEV4cGVuZGFibGVzIDM=',32,2014,'$34.8M'),('VGhlIEVhZ2xlIEh1bnRyZXNz',93,2016,'$3.2M'),('VGhlIExhc3QgUmVtYWtlIG9mIEJlYXUgR2VzdGU=',33,1977,'0'),('VGhlIExlZ2VuZCBvZiBCYWdnZXIgVmFuY2U=',43,2000,'$30.4M'),('VGhlIExlZ2VuZCBvZiBUYXJ6YW4=',36,2016,'$126.6M'),('VGhlIExpb24gS2luZw==',93,1994,'$94.3M'),('VGhlIExpb24gS2luZyBJSTogU2ltYmEncyBQcmlkZQ==',43,1998,'0'),('VGhlIExpZmUgb2YgRGF2aWQgR2FsZQ==',19,2003,'$19.6M'),('VGhlIExpZmUgQmVmb3JlIEhlciBFeWVz',23,2007,'$0.2M'),('VGhlIExvbmcgS2lzcyBHb29kbmlnaHQ=',68,1996,'0'),('VGhlIExvc3QgQ2l0eSBvZiBa',86,2017,'$8.6M'),('VGhlIExvcmQgb2YgdGhlIFJpbmdzOiBUaGUgRmVsbG93c2hpcCBvZiB0aGUgUmluZw==',91,2001,'$314.1M'),('VGhlIExvcmQgb2YgdGhlIFJpbmdzOiBUaGUgUmV0dXJuIG9mIHRoZSBLaW5n',93,2003,'$364.1M'),('VGhlIExvcmQgb2YgdGhlIFJpbmdzOiBUaGUgVHdvIFRvd2Vycw==',95,2002,'$339.8M'),('VGhlIExvdmVseSBCb25lcw==',32,2009,'$44M'),('VGhlIEZ1Z2l0aXZl',96,1993,'0'),('VGhlIEZhbWlseSBNYW4=',53,2000,'0'),('VGhlIEZhdm91cml0ZQ==',94,2018,'0'),('VGhlIEZhdm9y',27,1994,'0'),('VGhlIEZyaWdodGVuZXJz',63,1996,'0'),('VGhlIEZyaXNjbyBLaWQ=',53,1979,'0'),('VGhlIEZyb3plbiBHcm91bmQ=',61,2013,'$90k'),('VGhlIEZyZWUgV29ybGQ=',47,2016,'0'),('VGhlIFB1bGl0emVyIGF0IDEwMA==',0,2017,'$3.1k'),('VGhlIFB1cnN1aXQgb2YgSGFwcHluZXNz',67,2006,'$162.6M'),('VGhlIFBlcmZlY3QgSG9saWRheQ==',16,2007,'$5.8M'),('VGhlIFBlcmZlY3QgTWF0Y2g=',25,2016,'$7.5M'),('VGhlIFBsYWNlIEJleW9uZCBUaGUgUGluZXM=',80,2013,'$21.4M'),('VGhlIFBva2VyIEhvdXNl',57,2008,'0'),('VGhlIFByaW5jZSBvZiBFZ3lwdA==',79,1998,'0'),('VGhlIFByaXZhdGUgTGl2ZXMgb2YgUGlwcGEgTGVl',68,2009,'0'),('VGhlIFByb21pc2U=',49,2017,'$8.2M'),('VGhlIFByb3Bvc2l0aW9u',11,1998,'0'),('VGhlIFdhdGNoZXI=',10,2000,'$28.6M'),('VGhlIFdhY2tuZXNz',70,2008,'$2.1M'),('VGhlIFdlYXRoZXIgTWFu',59,2005,'$12.5M'),('VGhlIFdlZGRpbmcgUmluZ2Vy',28,2015,'0'),('VGhlIFdpeiBMaXZlIQ==',91,2015,'0'),('VGhlIFdpY2tlciBNYW4=',15,2006,'$23.7M'),('VGhlIFdvbGYgb2YgV2FsbCBTdHJlZXQ=',78,2013,'$91.4M'),('VGhlIFdvcmRz',23,2012,'$11.5M'),('VGhlIFF1aWNrIGFuZCB0aGUgRGVhZA==',56,1995,'0'),('VGhlIFJ1bm5lcg==',25,2015,'0'),('VGhlIFJldmVuYW50',79,2015,'0'),('VGhlIFJldmVuZ2Ugb2YgdGhlIFBpbmsgUGFudGhlcg==',78,1978,'0'),('VGhlIFJlZCBWaW9saW4gKExlIHZpb2xvbiByb3VnZSk=',74,1999,'0'),('VGhlIFJvY2s=',66,1996,'0'),('VGhlIFJvY2tlcg==',41,2008,'$6.4M'),('VGhlIFN1bW1vbmluZyAoUGxhbmV0YXJpdW0p',13,2017,'0'),('VGhlIFN1YnN0aXR1dGU=',41,1995,'0'),('VGhlIFN1YnVyYmFucw==',0,1999,'0'),('VGhlIFNhbmRsb3Q=',56,1993,'0'),('VGhlIFNhbmRsb3QgMg==',40,2005,'0'),('VGhlIFNhbWFyaXRhbg==',24,2012,'$2.2k'),('VGhlIFNldmVudGggRmlyZQ==',93,2016,'$27.6k'),('VGhlIFNlY3JldCBMaWZlIG9mIEJlZXM=',59,2008,'$37.7M'),('VGhlIFNoYWNr',19,2017,'$57.4M'),('VGhlIFNoYXBlIG9mIFdhdGVy',92,2017,'$57.4M'),('VGhlIFNpeHRoIE1hbg==',23,1997,'0'),('VGhlIFNvcmNlcmVyJ3MgQXBwcmVudGljZQ==',41,2010,'$63.2M'),('VGhlIFNwaXJpdA==',14,2008,'$19.8M'),('VGhlIFR3byBGYWNlcyBvZiBKYW51YXJ5',82,2014,'$1.7M'),('VGhlIFRocmVlIFN0b29nZXM=',50,2012,'$41.9M'),('VGhlIFRpbWUgVHJhdmVsZXIncyBXaWZl',38,2009,'$63.4M'),('VGhlIFRydXN0',64,2016,'0'),('VGhlIFRyZWUgb2YgTGlmZQ==',84,2011,'$13.4M'),('VGhlIFVuaWNvcm4gU3RvcmU=',65,2017,'0'),('VGhpcyBCb3kncyBMaWZl',76,1993,'0'),('VGhpcyBJcyBXaGVyZSBJIExlYXZlIFlvdQ==',42,2014,'$26.8M'),('VGhpcyBNZWFucyBXYXI=',25,2012,'$54.8M'),('VGhvcg==',77,2011,'$181.1M'),('VGhvcjogUmFnbmFyb2s=',92,2017,'$315M'),('VGhvcjogVGhlIERhcmsgV29ybGQ=',66,2013,'$206.4M'),('VGhyZWUgRnVnaXRpdmVz',14,1989,'0'),('VGl0YW5pYw==',89,1997,'0'),('VGltIGFuZCBFcmljJ3MgQmlsbGlvbiBEb2xsYXIgTW92aWU=',36,2012,'$0.2M'),('VGltZSBUbyBDaG9vc2U=',86,2016,'$29.7k'),('VGVlbiBUaXRhbnMgR28hIFRvIHRoZSBNb3ZpZXM=',91,2018,'0'),('VHdlbHZlIE1vbmtleXMgKDEyIE1vbmtleXMp',89,1995,'0'),('VHdpc3RlZA==',1,2004,'$25.1M'),('VHdvIG9mIGEgS2luZA==',20,1983,'0'),('VHJ1ZSBJZGVudGl0eQ==',43,1991,'0'),('VHJ1ZSBSb21hbmNl',92,1993,'0'),('VHJ1ZSBTdG9yeQ==',44,2015,'$3.5M'),('VHJhaWwgb2YgdGhlIFBpbmsgUGFudGhlcg==',25,1982,'0'),('VHJhcHBlZCBpbiBQYXJhZGlzZQ==',10,1994,'0'),('VHJhY2tz',83,2014,'$1.4M'),('VHJlc3Bhc3M=',10,2011,'$17.3k'),('VHJlZXMgTG91bmdl',81,1996,'0'),('VHJpc3RhbiAmIElzb2xkZQ==',32,2006,'$14.6M'),('VHJpdW1waCBvZiB0aGUgU3Bpcml0',50,2000,'0'),('VHJveQ==',54,2004,'$132.6M'),('VHVyYm8=',67,2013,'$81.2M'),('ViBmb3IgVmVuZGV0dGE=',73,2006,'$70.5M'),('Vm94IEx1eA==',90,2018,'0'),('Vm95YWdlIG9mIFRpbWU6IExpZmUncyBKb3VybmV5',64,2016,'0'),('Vm95YWdlIG9mIFRpbWU6IFRoZSBJTUFYIEV4cGVyaWVuY2U=',89,2016,'0'),('VmFsbGV5IEdpcmw=',81,1983,'0'),('VmFsZW50aW5lJ3MgRGF5',18,2010,'$110.5M'),('VmFtcGlyZSdzIEtpc3M=',61,1989,'0'),('VmlydW5nYQ==',100,2014,'0'),('VVNTIEluZGlhbmFwb2xpczogTWVuIG9mIENvdXJhZ2U=',17,2016,'0'),('VW5icmVha2FibGU=',69,2000,'$95M'),('VW5mb3JnaXZhYmxlIEJsYWNrbmVzczogVGhlIFJpc2UgYW5kIEZhbGwgb2YgSmFjayBKb2huc29u',100,2004,'0'),('Vy5FLg==',13,2012,'$0.6M'),('WC1NZW46IEFwb2NhbHlwc2U=',48,2016,'$135.8M'),('WC1NZW46IERheXMgb2YgRnV0dXJlIFBhc3Q=',89,2014,'$199.4M'),('WC1NZW46IEZpcnN0IENsYXNz',86,2011,'$145.3M'),('WFhY',48,2002,'$141.2M'),('Wm9tYmllbGFuZA==',90,2009,'$75.6M'),('Wm9vbGFuZGVy',64,2001,'$44.8M'),('Wm9vdG9waWE=',97,2016,'$341.3M'),('WmFicmlza2llIFBvaW50',67,1970,'0'),('WmFtYmV6aWE=',25,2013,'$1.1M'),('WmFuZGFsZWU=',33,1991,'0'),('WW91ciBIaWdobmVzcw==',28,2011,'$21.6M'),('WW91IERvbid0IEtub3cgSmFjaw==',91,2010,'0'),('WW91J3JlIE5vdCBZb3U=',44,2014,'0'),('WWVhciBvZiB0aGUgRG9n',69,2007,'$1.5M'),('WWVzIE1hbg==',46,2008,'$97.7M');
/*!40000 ALTER TABLE `movie` ENABLE KEYS */;
UNLOCK TABLES;

--
-- Table structure for table `roles`
--

DROP TABLE IF EXISTS `roles`;
/*!40101 SET @saved_cs_client     = @@character_set_client */;
/*!40101 SET character_set_client = utf8 */;
CREATE TABLE `roles` (
  `id` int(11) NOT NULL AUTO_INCREMENT,
  `name` varchar(25) NOT NULL,
  PRIMARY KEY (`id`)
) ENGINE=InnoDB AUTO_INCREMENT=5 DEFAULT CHARSET=utf8;
/*!40101 SET character_set_client = @saved_cs_client */;

--
-- Dumping data for table `roles`
--

LOCK TABLES `roles` WRITE;
/*!40000 ALTER TABLE `roles` DISABLE KEYS */;
INSERT INTO `roles` VALUES (1,'Screenwriter'),(2,'Director'),(3,'Producer'),(4,'Actor');
/*!40000 ALTER TABLE `roles` ENABLE KEYS */;
UNLOCK TABLES;

--
-- Table structure for table `rolesToCelebToMovie`
--

DROP TABLE IF EXISTS `rolesToCelebToMovie`;
/*!40101 SET @saved_cs_client     = @@character_set_client */;
/*!40101 SET character_set_client = utf8 */;
CREATE TABLE `rolesToCelebToMovie` (
  `celebId` int(11) NOT NULL,
  `roleId` int(11) NOT NULL,
  `movieId` char(255) NOT NULL
) ENGINE=InnoDB DEFAULT CHARSET=utf8;
/*!40101 SET character_set_client = @saved_cs_client */;

--
-- Dumping data for table `rolesToCelebToMovie`
--

LOCK TABLES `rolesToCelebToMovie` WRITE;
/*!40000 ALTER TABLE `rolesToCelebToMovie` DISABLE KEYS */;
INSERT INTO `rolesToCelebToMovie` VALUES (1,4,'T25jZSBVcG9uIGEgVGltZSBJbiBIb2xseXdvb2Q='),(1,4,'QWQgQXN0cmE='),(1,3,'VmljZQ=='),(1,4,'V29ybGQgV2FyIFogMg=='),(1,3,'V29ybGQgV2FyIFogMg=='),(1,4,'V2FyIE1hY2hpbmU='),(1,3,'V2FyIE1hY2hpbmU='),(1,3,'V2FyIE1hY2hpbmU='),(1,3,'VGhlIExvc3QgQ2l0eSBvZiBa'),(1,4,'QnJhbmdlbGluYSA6IGxlcyByYWlzb25zIGRlIGxhIHJ1cHR1cmU='),(1,4,'QWxsaWVk'),(1,3,'TW9vbmxpZ2h0'),(1,3,'Vm95YWdlIG9mIFRpbWU6IFRoZSBJTUFYIEV4cGVyaWVuY2U='),(1,4,'Vm95YWdlIG9mIFRpbWU6IFRoZSBJTUFYIEV4cGVyaWVuY2U='),(1,3,'Vm95YWdlIG9mIFRpbWU6IExpZmUncyBKb3VybmV5'),(1,4,'VGhlIEJpZyBTaG9ydA=='),(1,3,'VGhlIEJpZyBTaG9ydA=='),(1,3,'QnkgVGhlIFNlYQ=='),(1,4,'QnkgVGhlIFNlYQ=='),(1,3,'VHJ1ZSBTdG9yeQ=='),(1,3,'U2VsbWE='),(1,3,'U2VsbWE='),(1,4,'VGhlIEF1ZGl0aW9u'),(1,3,'TmlnaHRpbmdhbGU='),(1,3,'SGl0dGluZyB0aGUgQXBleA=='),(1,4,'RnVyeQ=='),(1,3,'RnVyeQ=='),(1,3,'QmlnIE1lbg=='),(1,3,'VGhlIE5vcm1hbCBIZWFydA=='),(1,4,'VGhlIENvdW5zZWxvcg=='),(1,4,'MTIgWWVhcnMgYSBTbGF2ZQ=='),(1,3,'MTIgWWVhcnMgYSBTbGF2ZQ=='),(1,3,'S2ljay1Bc3MgMg=='),(1,3,'V29ybGQgV2FyIFo='),(1,4,'V29ybGQgV2FyIFo='),(1,4,'VGhlIENvdW5zZWxsb3I='),(1,4,'S2lsbGluZyBUaGVtIFNvZnRseQ=='),(1,3,'S2lsbGluZyBUaGVtIFNvZnRseQ=='),(1,4,'VGhlIFNwYXJyb3c='),(1,4,'SGFwcHkgRmVldCBUd28='),(1,4,'TW9uZXliYWxs'),(1,3,'VGhlIFRyZWUgb2YgTGlmZQ=='),(1,4,'VGhlIFRyZWUgb2YgTGlmZQ=='),(1,4,'Q29ycmVjdGlvbnM='),(1,4,'TWVnYW1pbmQ='),(1,3,'RWF0IFByYXkgTG92ZQ=='),(1,3,'S2ljay1Bc3M='),(1,3,'VGhlIFByaXZhdGUgTGl2ZXMgb2YgUGlwcGEgTGVl'),(1,4,'SW5nbG91cmlvdXMgQmFzdGVyZHM='),(1,3,'VGhlIFRpbWUgVHJhdmVsZXIncyBXaWZl'),(1,3,'VGhlIFRpbWUgVHJhdmVsZXIncyBXaWZl'),(1,4,'VGhlIEN1cmlvdXMgQ2FzZSBvZiBCZW5qYW1pbiBCdXR0b24='),(1,4,'QnVybiBBZnRlciBSZWFkaW5n'),(1,4,'VGhlIEFzc2Fzc2luYXRpb24gb2YgSmVzc2UgSmFtZXMgYnkgdGhlIENvd2FyZCBSb2JlcnQgRm9yZA=='),(1,3,'VGhlIEFzc2Fzc2luYXRpb24gb2YgSmVzc2UgSmFtZXMgYnkgdGhlIENvd2FyZCBSb2JlcnQgRm9yZA=='),(1,4,'T2NlYW4ncyBUaGlydGVlbg=='),(1,3,'WWVhciBvZiB0aGUgRG9n'),(1,3,'R29kIEdyZXcgVGlyZWQgT2YgVXM='),(1,4,'SGFwcHkgRmVldA=='),(1,4,'QmFiZWw='),(1,3,'UnVubmluZyBXaXRoIFNjaXNzb3Jz'),(1,3,'VGhlIERlcGFydGVk'),(1,4,'VGhlIERvY3RvciwgdGhlIFRvcm5hZG8gJiB0aGUgS2VudHVja3kgS2lk'),(1,4,'Q2VsZWJyaXR5IE5ld3MgUmVlbHMgLSBIb2xseXdvb2QncyBIb3R0ZXN0IEh1bmsgQnJhZCBQaXR0'),(1,4,'QmlyZCBGbHU6IEhvdyBTYWZlIEFyZSBXZT8='),(1,4,'TXIuICYgTXJzLiBTbWl0aA=='),(1,4,'T2NlYW4ncyBUd2VsdmU='),(1,4,'VHJveQ=='),(1,4,'U3BlY2lhbCBUaGFua3MgdG8gUm95IExvbmRvbg=='),(1,4,'Q29uZmVzc2lvbnMgb2YgYSBEYW5nZXJvdXMgTWluZA=='),(1,4,'U2luYmFkOiBMZWdlbmQgb2YgdGhlIFNldmVuIFNlYXM='),(1,4,'RnVsbCBGcm9udGFs'),(1,4,'RmlnaHRpbmcgZm9yIEZyZWVkb206IFJldm9sdXRpb24gJiBDaXZpbCBXYXI='),(1,4,'VWx0aW1hdGUgRmlnaHRz'),(1,4,'T2NlYW4ncyBFbGV2ZW4='),(1,4,'U3B5IEdhbWU='),(1,4,'VGhlIE1leGljYW4='),(1,4,'U25hdGNo'),(1,4,'QmVpbmcgSm9obiBNYWxrb3ZpY2g='),(1,4,'RmlnaHQgQ2x1Yg=='),(1,4,'QnJhZCBQaXR0OiBIb2xseXdvb2QgSHVuaw=='),(1,4,'TWVldCBKb2UgQmxhY2s='),(1,4,'U2V2ZW4gWWVhcnMgaW4gVGliZXQ='),(1,4,'VGhlIERldmlsJ3MgT3du'),(1,4,'U2xlZXBlcnM='),(1,4,'VHdlbHZlIE1vbmtleXMgKDEyIE1vbmtleXMp'),(1,4,'U2V2ZW4gKFNlN2VuKQ=='),(1,4,'TGVnZW5kcyBvZiB0aGUgRmFsbA=='),(1,4,'SW50ZXJ2aWV3IHdpdGggdGhlIFZhbXBpcmU='),(1,4,'VGhlIEZhdm9y'),(1,4,'U2hhZG93IENhc3Rpbmc6IFRoZSBNYWtpbmcgb2YgIkEgUml2ZXIgUnVucyBUaHJvdWdoIEl0Ig=='),(1,4,'VHJ1ZSBSb21hbmNl'),(1,4,'S2FsaWZvcm5pYQ=='),(1,4,'QSBSaXZlciBSdW5zIFRocm91Z2ggSXQ='),(1,4,'Q29vbCBXb3JsZA=='),(1,4,'Q29udGFjdA=='),(1,4,'Sm9obm55IFN1ZWRl'),(1,4,'VGhlbG1hICYgTG91aXNl'),(1,4,'VG9vIFlvdW5nIHRvIERpZQ=='),(1,4,'VGhlIEltYWdl'),(1,4,'Q3V0dGluZyBDbGFzcw=='),(1,4,'SGFwcHkgVG9nZXRoZXI='),(1,4,'QWNyb3NzIHRoZSBUcmFja3M='),(2,4,'R2xhc3M='),(2,4,'SW5jcmVkaWJsZXMgMg=='),(2,4,'QmxhemluZyBTYW11cmFp'),(2,4,'VGhlIExhc3QgRnVsbCBNZWFzdXJl'),(2,4,'RGVlcCBCbHVlIFNlYSAyIC0gRG91YmxlIEZlYXR1cmU='),(2,4,'VGhlIEhpdG1hbidzIEJvZHlndWFyZA=='),(2,4,'S29uZzogU2t1bGwgSXNsYW5k'),(2,4,'SSBBbSBOb3QgWW91ciBOZWdybw=='),(2,4,'eFh4OiBSZXR1cm4gb2YgWGFuZGVyIENhZ2U='),(2,4,'VGhlIFVuaWNvcm4gU3RvcmU='),(2,4,'VGhlIFdvcmRzIFRoYXQgQnVpbHQgQW1lcmljYQ=='),(2,4,'RWF0aW5nIFlvdSBBbGl2ZQ=='),(2,4,'TWlzcyBQZXJlZ3JpbmUncyBIb21lIGZvciBQZWN1bGlhciBDaGlsZHJlbg=='),(2,4,'Q2VsbA=='),(2,4,'VGhlIExlZ2VuZCBvZiBUYXJ6YW4='),(2,4,'U3RlcGhlbiBLaW5nJ3MgQ2VsbA=='),(2,4,'MjEgWWVhcnM6IFF1ZW50aW4gVGFyYW50aW5v'),(2,4,'VGhlIEhhdGVmdWwgRWlnaHQ='),(2,4,'Q2hpLVJhcQ=='),(2,4,'QmlnIEdhbWU='),(2,4,'QmFyZWx5IExldGhhbA=='),(2,4,'QXZlbmdlcnM6IEFnZSBvZiBVbHRyb24='),(2,4,'S2luZ3NtYW46IFRoZSBTZWNyZXQgU2VydmljZQ=='),(2,4,'S2l0ZQ=='),(2,4,'VW50aGlua2FibGU='),(2,4,'Q2FwdGFpbiBBbWVyaWNhOiBUaGUgV2ludGVyIFNvbGRpZXI='),(2,4,'Um9ib0NvcA=='),(2,4,'UmVhc29uYWJsZSBEb3VidA=='),(2,4,'T2xkYm95'),(2,4,'VHVyYm8='),(2,4,'WmFtYmV6aWE='),(2,4,'RGphbmdvIFVuY2hhaW5lZA=='),(2,3,'VGhlIFNhbWFyaXRhbg=='),(2,4,'VGhlIFNhbWFyaXRhbg=='),(2,4,'TWVldGluZyBFdmls'),(2,4,'TWFydmVsJ3MgVGhlIEF2ZW5nZXJz'),(2,4,'SSBBaW4ndCBTY2FyZWQgT2YgWW91OiBBIFRyaWJ1dGUgVG8gQmVybmllIE1hYw=='),(2,4,'Q2FwdGFpbiBBbWVyaWNhOiBUaGUgRmlyc3QgQXZlbmdlcg=='),(2,4,'QmlnIENhdHM='),(2,4,'RGlzbmV5bmF0dXJlIEFmcmljYW4gQ2F0cw=='),(2,4,'WW91bmcgSmVlenk6IEEgSHVzdGxlcnogQW1iaXRpb24='),(2,4,'T24gVGhlIFNob3VsZGVycyBPZiBHaWFudHM='),(2,4,'VGhlIFN1bnNldCBMaW1pdGVk'),(2,4,'Sm9obiBMZWdlbmQgLSBEdWtlIEVsbGluZ3Rvbg=='),(2,4,'QXJlbmE='),(2,4,'SW4gVGhlIExhbmQgT2YgVGhlIEZyZWU='),(2,4,'VGhlIE90aGVyIEd1eXM='),(2,4,'UXVhbnR1bSBRdWVzdDogQSBDYXNzaW5pIFNwYWNlIE9keXNzZXk='),(2,4,'TW90aGVyIGFuZCBDaGlsZA=='),(2,4,'SXJvbiBNYW4gMg=='),(2,4,'ODJuZCBBbm51YWwgQWNhZGVteSBBd2FyZHM='),(2,4,'V2l0aCBHcmVhdCBQb3dlcjogVGhlIFN0YW4gTGVlIFN0b3J5'),(2,4,'Qmxvd24='),(2,4,'QXN0cm8gQm95IChBc3Ryb0JveSk='),(2,4,'QWZybyBTYW11cmFpOiBSZXN1cnJlY3Rpb24='),(2,3,'QWZybyBTYW11cmFpOiBSZXN1cnJlY3Rpb24='),(2,4,'U3RhcnogSW5zaWRl'),(2,4,'VGhlIFNwaXJpdA=='),(2,4,'U291bCBNZW4='),(2,4,'TGFrZXZpZXcgVGVycmFjZQ=='),(2,4,'U3RhciBXYXJzOiBUaGUgQ2xvbmUgV2Fycw=='),(2,4,'Q2xlYW5lcg=='),(2,3,'Q2xlYW5lcg=='),(2,4,'SnVtcGVy'),(2,4,'R29zcGVsIEhpbGw='),(2,4,'QmxhY2sgTWFnaWM='),(2,4,'UmVzdXJyZWN0aW5nIHRoZSBDaGFtcA=='),(2,4,'UmVzcGVjdCBZb3Vyc2VsZjogVGhlIFN0YXggUmVjb3JkcyBTdG9yeQ=='),(2,4,'MTQwOA=='),(2,4,'QmxhY2sgU25ha2UgTW9hbg=='),(2,4,'RmFyY2Ugb2YgdGhlIFBlbmd1aW5z'),(2,4,'SG9tZSBvZiB0aGUgQnJhdmU='),(2,4,'U25ha2VzIG9uIGEgUGxhbmU='),(2,4,'RnJlZWRvbWxhbmQ='),(2,4,'VGhlIE1hbg=='),(2,4,'U3RhciBXYXJzOiBFcGlzb2RlIElJSSAtIFJldmVuZ2Ugb2YgdGhlIFNpdGg='),(2,4,'eFh4OiBTdGF0ZSBvZiB0aGUgVW5pb24='),(2,4,'SW4gTXkgQ291bnRyeQ=='),(2,4,'VW5mb3JnaXZhYmxlIEJsYWNrbmVzczogVGhlIFJpc2UgYW5kIEZhbGwgb2YgSmFjayBKb2huc29u'),(2,4,'Q29hY2ggQ2FydGVy'),(2,4,'TWFydGluJ3MgQmlnIFdvcmRzIC4uLiBhbmQgTW9yZSBTdG9yaWVzIGZyb20gdGhlIEFmcmljYW4tQW1lcmljYW4gVHJhZGl0aW9u'),(2,4,'QW1lcmljYSBCZXlvbmQgdGhlIENvbG9yIExpbmU='),(2,4,'VGhlIEluY3JlZGlibGVz'),(2,4,'VGhlIE4tV29yZA=='),(2,4,'S2lsbCBCaWxsOiBWb2x1bWUgMg=='),(2,4,'VHdpc3RlZA=='),(2,4,'VW5mb3JnaXZhYmxlIEJsYWNrbmVzczogVGhlIFJpc2UgYW5kIEZhbGwgb2YgSmFjayBKb2huc29u'),(2,4,'S2lsbCBCaWxsOiBWb2x1bWUgMQ=='),(2,4,'Tm8gR29vZCBEZWVk'),(2,4,'Uy5XLkEuVC4='),(2,4,'QmFzaWM='),(2,4,'VHJpYWwgb2YgdGhlIE1va2U='),(2,3,'Rm9ybXVsYSA1MQ=='),(2,4,'Rm9ybXVsYSA1MQ=='),(2,4,'WFhY'),(2,4,'U3RhciBXYXJzOiBFcGlzb2RlIElJIC0gQXR0YWNrIG9mIHRoZSBDbG9uZXM='),(2,4,'Q2hhbmdpbmcgTGFuZXM='),(2,4,'VW5jaGFpbmVkIE1lbW9yaWVzOiBSZWFkaW5ncyBmcm9tIHRoZSBTbGF2ZSBOYXJyYXRpdmVz'),(2,4,'RmlnaHRpbmcgZm9yIEZyZWVkb206IFJldm9sdXRpb24gJiBDaXZpbCBXYXI='),(2,3,'VGhlIENhdmVtYW4ncyBWYWxlbnRpbmU='),(2,4,'VGhlIENhdmVtYW4ncyBWYWxlbnRpbmU='),(2,4,'VW5icmVha2FibGU='),(2,4,'U2hhZnQ='),(2,4,'UnVsZXMgb2YgRW5nYWdlbWVudA=='),(2,4,'Rm9yZXZlciBIb2xseXdvb2Q='),(2,4,'RGVlcCBCbHVlIFNlYQ=='),(2,4,'VGhlIFJlZCBWaW9saW4gKExlIHZpb2xvbiByb3VnZSk='),(2,4,'U3RhciBXYXJzOiBFcGlzb2RlIEkgLSBUaGUgUGhhbnRvbSBNZW5hY2U='),(2,4,'VGhlIFN0YXJzIG9mIFN0YXIgV2FyczogSW50ZXJ2aWV3cyBmcm9tIHRoZSBDYXN0'),(2,4,'VGhlIE5lZ290aWF0b3I='),(2,4,'T3V0IG9mIFNpZ2h0'),(2,4,'U3BoZXJl'),(2,4,'T2ZmIHRoZSBNZW51OiBUaGUgTGFzdCBEYXlzIG9mIENoYXNlbidz'),(2,4,'SmFja2llIEJyb3du'),(2,4,'T25lIEVpZ2h0IFNldmVu'),(2,4,'VHJlZXMgTG91bmdl'),(2,4,'VGhlIExvbmcgS2lzcyBHb29kbmlnaHQ='),(2,4,'QSBUaW1lIHRvIEtpbGw='),(2,3,'RXZlJ3MgQmF5b3U='),(2,4,'RXZlJ3MgQmF5b3U='),(2,4,'VGhlIEdyZWF0IFdoaXRlIEh5cGU='),(2,4,'SGFyZCBFaWdodA=='),(2,4,'U2VhcmNoIGZvciBPbmUtRXllIEppbW15'),(2,4,'Rmx1a2U='),(2,4,'S2lzcyBvZiBEZWF0aA=='),(2,4,'RGllIEhhcmQ6IFdpdGggYSBWZW5nZWFuY2U='),(2,4,'TG9zaW5nIElzYWlhaA=='),(2,4,'VGhlIFNlYXJjaCBmb3IgT25lLUV5ZWQgSmltbXk='),(2,4,'UHVscCBGaWN0aW9u'),(2,4,'VGhlIE5ldyBBZ2U='),(2,4,'QWdhaW5zdCB0aGUgV2FsbA=='),(2,4,'RnJlc2g='),(2,4,'SGFpbCBDYWVzYXI='),(2,4,'QXNzYXVsdCBhdCBXZXN0IFBvaW50'),(2,4,'R2hvc3R3cml0ZXI6IFdobyBCdXJuZWQgTXIuIEJyaW5rZXIncyBTdG9yZT8='),(2,4,'VHJ1ZSBSb21hbmNl'),(2,4,'VGhlIE1ldGVvciBNYW4='),(2,4,'SnVyYXNzaWMgUGFyaw=='),(2,4,'RmF0aGVycyAmIFNvbnM='),(2,4,'TWVuYWNlIElJIFNvY2lldHk='),(2,4,'QW1vcyAmIEFuZHJldw=='),(2,4,'TmF0aW9uYWwgTGFtcG9vbidzIExvYWRlZCBXZWFwb24gMQ=='),(2,4,'UGF0cmlvdCBHYW1lcw=='),(2,4,'V2hpdGUgU2FuZHM='),(2,4,'SnVpY2U='),(2,4,'SnVtcGluJyBhdCB0aGUgQm9uZXlhcmQ='),(2,4,'U3RyaWN0bHkgQnVzaW5lc3M='),(2,4,'Sm9obm55IFN1ZWRl'),(2,4,'SnVuZ2xlIEZldmVy'),(2,4,'TW9iIEp1c3RpY2U='),(2,4,'R29vZEZlbGxhcw=='),(2,4,'VGhlIEV4b3JjaXN0IElJSQ=='),(2,4,'QmV0c3kncyBXZWRkaW5n'),(2,4,'QSBTaG9jayB0byB0aGUgU3lzdGVt'),(2,4,'RGVmIGJ5IFRlbXB0YXRpb24='),(2,4,'VGhlIFJldHVybiBvZiBTdXBlcmZseQ=='),(2,4,'TW8nIEJldHRlciBCbHVlcw=='),(2,4,'RG8gdGhlIFJpZ2h0IFRoaW5n'),(2,4,'U2VhIG9mIExvdmU='),(2,4,'RGVhZCBNYW4gT3V0'),(2,4,'Q29taW5nIHRvIEFtZXJpY2E='),(2,4,'U2Nob29sIERhemU='),(2,4,'RWRkaWUgTXVycGh5IFJhdw=='),(2,4,'VW5jbGUgVG9tJ3MgQ2FiaW4='),(2,4,'UmFndGltZQ=='),(3,4,'VGhlIENyb29kcyAy'),(3,4,'VGhlIEZhdm91cml0ZQ=='),(3,4,'OTB0aCBBY2FkZW15IEF3YXJkcw=='),(3,4,'QmF0dGxlIG9mIHRoZSBTZXhlcw=='),(3,4,'TGEgTGEgTGFuZCBTaW5nIEFsb25n'),(3,4,'V29tZW4gaW4gQnVzaW5lc3M='),(3,4,'TGEgTGEgTGFuZA=='),(3,4,''),(3,4,'SXJyYXRpb25hbCBNYW4='),(3,4,'QWxvaGE='),(3,4,'QmlyZG1hbg=='),(3,4,'TWFnaWMgaW4gdGhlIE1vb25saWdodA=='),(3,4,'VGhlIEFtYXppbmcgU3BpZGVyLU1hbiAy'),(3,4,'VGhlIENyb29kcw=='),(3,4,'TW92aWUgNDM='),(3,4,'R2FuZ3N0ZXIgU3F1YWQ='),(3,4,'VGhlIEFtYXppbmcgU3BpZGVyLU1hbg=='),(3,4,'VGhlIEhlbHA='),(3,4,'Q3JhenksIFN0dXBpZCwgTG92ZS4='),(3,4,'RnJpZW5kcyBXaXRoIEJlbmVmaXRz'),(3,4,'RWFzeSBB'),(3,4,'TWFybWFkdWtl'),(3,4,'UGFwZXIgTWFu'),(3,4,'Wm9tYmllbGFuZA=='),(3,4,'R2hvc3RzIG9mIEdpcmxmcmllbmRzIFBhc3Q='),(3,4,'VGhlIEhvdXNlIEJ1bm55'),(3,4,'VGhlIFJvY2tlcg=='),(3,4,'U3VwZXJiYWQ='),(4,4,'TWlzc2lvbjogSW1wb3NzaWJsZSAtIEZhbGxvdXQ='),(4,4,'Tm9taXM='),(4,4,'SnVzdGljZSBMZWFndWU='),(4,4,'U2FuZCBDYXN0bGU='),(4,4,'QmF0bWFuIHYgU3VwZXJtYW46IERhd24gb2YgSnVzdGljZQ=='),(4,4,'REMgRmlsbXMgUHJlc2VudHM6IERhd24gb2YgdGhlIEp1c3RpY2UgTGVhZ3Vl'),(4,4,'VGhlIE1hbiBGcm9tIFUuTi5DLkwuRS4='),(4,4,'TWFuIG9mIFN0ZWVs'),(4,4,'VGhlIENvbGQgTGlnaHQgb2YgRGF5'),(4,4,'SW1tb3J0YWxz'),(4,4,'Qmxvb2QgQ3JlZWs='),(4,4,'V2hhdGV2ZXIgV29ya3M='),(4,4,'U3RhcmR1c3Q='),(4,4,'VHJpc3RhbiAmIElzb2xkZQ=='),(4,4,'SGVsbHJhaXNlcjogSGVsbHdvcmxk'),(4,4,'UmVkIFJpZGluZyBIb29k'),(4,4,'SSBDYXB0dXJlIHRoZSBDYXN0bGU='),(4,4,'R29vZGJ5ZSwgTXIuIENoaXBz'),(4,4,'VGhlIENvdW50IG9mIE1vbnRlIENyaXN0bw=='),(5,1,'TW9ydGFsIEVuZ2luZXM='),(5,3,'TW9ydGFsIEVuZ2luZXM='),(5,2,'VGhleSBTaGFsbCBOb3QgR3JvdyBPbGQ='),(5,3,'VGhleSBTaGFsbCBOb3QgR3JvdyBPbGQ='),(5,1,'VGhlIEhvYmJpdCBUcmlsb2d5'),(5,2,'VGhlIEhvYmJpdCBUcmlsb2d5'),(5,3,'VGhlIEhvYmJpdCBUcmlsb2d5'),(5,3,'VGhlIEhvYmJpdDogVGhlIEJhdHRsZSBvZiB0aGUgRml2ZSBBcm1pZXM='),(5,2,'VGhlIEhvYmJpdDogVGhlIEJhdHRsZSBvZiB0aGUgRml2ZSBBcm1pZXM='),(5,3,'VGhlIEhvYmJpdDogVGhlIEJhdHRsZSBvZiB0aGUgRml2ZSBBcm1pZXM='),(5,3,'VGhlIEhvYmJpdDogVGhlIERlc29sYXRpb24gb2YgU21hdWc='),(5,2,'VGhlIEhvYmJpdDogVGhlIERlc29sYXRpb24gb2YgU21hdWc='),(5,1,'VGhlIEhvYmJpdDogVGhlIERlc29sYXRpb24gb2YgU21hdWc='),(5,3,'V2VzdCBvZiBNZW1waGlz'),(5,4,'V2VzdCBvZiBNZW1waGlz'),(5,1,'VGhlIEhvYmJpdDogQW4gVW5leHBlY3RlZCBKb3VybmV5'),(5,3,'VGhlIEhvYmJpdDogQW4gVW5leHBlY3RlZCBKb3VybmV5'),(5,2,'VGhlIEhvYmJpdDogQW4gVW5leHBlY3RlZCBKb3VybmV5'),(5,4,'QmxhY2sgRXZl'),(5,3,'VGhlIEFkdmVudHVyZXMgb2YgVGludGlu'),(5,4,'UmF5IEhhcnJ5aGF1c2VuOiBTcGVjaWFsIEVmZmVjdHMgVGl0YW4='),(5,3,'RXJpYyBDbGFwdG9uIENyb3Nzcm9hZHMgMjAxMA=='),(5,2,'VGhlIExvdmVseSBCb25lcw=='),(5,3,'RGlzdHJpY3QgOQ=='),(5,4,'SG90IEZ1eno='),(5,4,'RW5pZ21hIHdpdGggYSBTdGlnbWE='),(5,4,'VGhlIFNjaS1GaSBCb3lz'),(5,2,'S2luZyBLb25n'),(5,3,'S2luZyBLb25n'),(5,1,'S2luZyBLb25n'),(5,4,'S2luZyBLb25nOiBQZXRlciBKYWNrc29uJ3MgUHJvZHVjdGlvbiBEaWFyaWVz'),(5,4,'UmluZ2VycyAtIExvcmQgb2YgdGhlIEZhbnM='),(5,4,'UmluZ2VyczogTG9yZCBvZiB0aGUgRmFucw=='),(5,3,'VGhlIExvcmQgb2YgdGhlIFJpbmdzOiBUaGUgUmV0dXJuIG9mIHRoZSBLaW5n'),(5,2,'VGhlIExvcmQgb2YgdGhlIFJpbmdzOiBUaGUgUmV0dXJuIG9mIHRoZSBLaW5n'),(5,1,'VGhlIExvcmQgb2YgdGhlIFJpbmdzOiBUaGUgUmV0dXJuIG9mIHRoZSBLaW5n'),(5,3,'VGhlIExvbmcgYW5kIFNob3J0IG9mIEl0'),(5,3,'VGhlIExvcmQgb2YgdGhlIFJpbmdzOiBUaGUgVHdvIFRvd2Vycw=='),(5,2,'VGhlIExvcmQgb2YgdGhlIFJpbmdzOiBUaGUgVHdvIFRvd2Vycw=='),(5,1,'VGhlIExvcmQgb2YgdGhlIFJpbmdzOiBUaGUgVHdvIFRvd2Vycw=='),(5,4,'TmF0aW9uYWwgR2VvZ3JhcGhpYzogQmV5b25kIHRoZSBNb3ZpZSAtIFRoZSBMb3JkIG9mIHRoZSBSaW5ncw=='),(5,2,'VGhlIExvcmQgb2YgdGhlIFJpbmdzOiBUaGUgRmVsbG93c2hpcCBvZiB0aGUgUmluZw=='),(5,3,'VGhlIExvcmQgb2YgdGhlIFJpbmdzOiBUaGUgRmVsbG93c2hpcCBvZiB0aGUgUmluZw=='),(5,1,'VGhlIExvcmQgb2YgdGhlIFJpbmdzOiBUaGUgRmVsbG93c2hpcCBvZiB0aGUgUmluZw=='),(5,4,'R29kJ3MgQXJteQ=='),(5,4,'Rm9yZ290dGVuIFNpbHZlcg=='),(5,3,'Rm9yZ290dGVuIFNpbHZlcg=='),(5,1,'Rm9yZ290dGVuIFNpbHZlcg=='),(5,2,'Rm9yZ290dGVuIFNpbHZlcg=='),(5,2,'VGhlIEZyaWdodGVuZXJz'),(5,4,'VGhlIEZyaWdodGVuZXJz'),(5,3,'VGhlIEZyaWdodGVuZXJz'),(5,1,'VGhlIEZyaWdodGVuZXJz'),(5,3,'SmFjayBCcm93biBHZW5pdXM='),(5,1,'SmFjayBCcm93biBHZW5pdXM='),(5,3,'SGVhdmVubHkgQ3JlYXR1cmVz'),(5,1,'SGVhdmVubHkgQ3JlYXR1cmVz'),(5,4,'SGVhdmVubHkgQ3JlYXR1cmVz'),(5,2,'SGVhdmVubHkgQ3JlYXR1cmVz'),(5,4,'RGVhZCBBbGl2ZQ=='),(5,2,'RGVhZCBBbGl2ZQ=='),(5,1,'RGVhZCBBbGl2ZQ=='),(5,1,'TWVldCB0aGUgRmVlYmxlcw=='),(5,3,'TWVldCB0aGUgRmVlYmxlcw=='),(5,2,'TWVldCB0aGUgRmVlYmxlcw=='),(5,2,'QmFkIFRhc3Rl'),(5,1,'QmFkIFRhc3Rl'),(5,3,'QmFkIFRhc3Rl'),(5,4,'QmFkIFRhc3Rl'),(6,4,'VGhlIENyb29kcyAy'),(6,4,'TWFuZHk='),(6,4,'VGVlbiBUaXRhbnMgR28hIFRvIHRoZSBNb3ZpZXM='),(6,4,'MjEx'),(6,4,'VGhlIEh1bWFuaXR5IEJ1cmVhdQ=='),(6,4,'TG9va2luZyBHbGFzcw=='),(6,4,'TW9tIGFuZCBEYWQ='),(6,4,'QmV0d2VlbiBXb3JsZHM='),(6,4,'QmVjb21pbmcgSWNvbmlj'),(6,4,'T3Mgam92ZW5zIHRpdONzIGVtIGHn428hIE5vcyBjaW5lbWFz'),(6,3,'VmVuZ2VhbmNlOiBBIExvdmUgU3Rvcnk='),(6,4,'VmVuZ2VhbmNlOiBBIExvdmUgU3Rvcnk='),(6,4,'SW5jb25jZWl2YWJsZQ=='),(6,4,'QXJzZW5hbA=='),(6,4,'VVNTIEluZGlhbmFwb2xpczogTWVuIG9mIENvdXJhZ2U='),(6,4,'QXJteSBvZiBPbmU='),(6,4,'RG9nIEVhdCBEb2c='),(6,4,'U25vd2Rlbg=='),(6,4,'VGhlIFRydXN0'),(6,4,'UGF5IHRoZSBHaG9zdA=='),(6,4,'VGhlIFJ1bm5lcg=='),(6,4,'T3V0Y2FzdA=='),(6,4,'RnJhbmsgb3IgRnJhbmNpcw=='),(6,4,'RHlpbmcgb2YgdGhlIExpZ2h0'),(6,4,'TGVmdCBCZWhpbmQ='),(6,4,'UmFnZQ=='),(6,4,'Sm9l'),(6,4,'QW1pY3Vz'),(6,4,'VGhlIEZyb3plbiBHcm91bmQ='),(6,4,'VGhlIENyb29kcw=='),(6,4,'U3RvbGVu'),(6,4,'U2Vla2luZyBKdXN0aWNl'),(6,3,'QSBUaG91c2FuZCBXb3Jkcw=='),(6,4,'R2hvc3QgUmlkZXI6IFNwaXJpdCBvZiBWZW5nZWFuY2U='),(6,4,'VHJlc3Bhc3M='),(6,4,'RHJpdmUgQW5ncnk='),(6,4,'U2Vhc29uIG9mIHRoZSBXaXRjaA=='),(6,3,'VGhlIFNvcmNlcmVyJ3MgQXBwcmVudGljZQ=='),(6,4,'VGhlIFNvcmNlcmVyJ3MgQXBwcmVudGljZQ=='),(6,4,'S2ljay1Bc3M='),(6,4,'V2l0aCBHcmVhdCBQb3dlcjogVGhlIFN0YW4gTGVlIFN0b3J5'),(6,4,'QmFkIExpZXV0ZW5hbnQ6IFBvcnQgb2YgQ2FsbCBOZXcgT3JsZWFucw=='),(6,4,'QXN0cm8gQm95IChBc3Ryb0JveSk='),(6,4,'Ry1Gb3JjZQ=='),(6,4,'S25vd2luZw=='),(6,4,'UmlvdCAoSm9obiBDYXJwZW50ZXIncyBSaW90KSAoU2NhcmVkIFN0cmFpZ2h0KQ=='),(6,3,'UmlvdCAoSm9obiBDYXJwZW50ZXIncyBSaW90KSAoU2NhcmVkIFN0cmFpZ2h0KQ=='),(6,3,'QmFuZ2tvayBEYW5nZXJvdXM='),(6,4,'QmFuZ2tvayBEYW5nZXJvdXM='),(6,4,'TmF0aW9uYWwgVHJlYXN1cmU6IEJvb2sgb2YgU2VjcmV0cw=='),(6,4,'UGxhbmV0IFRlcnJvciAoR3JpbmRob3VzZSBQcmVzZW50czogUm9iZXJ0IFJvZHJpZ3VleidzIFBsYW5ldCBUZXJyb3Ip'),(6,4,'TmV4dA=='),(6,3,'TmV4dA=='),(6,4,'R3JpbmRob3VzZQ=='),(6,4,'R2hvc3QgUmlkZXI='),(6,4,'QW1hcmlsbG8gU2xpbQ=='),(6,4,'VGhlIFdpY2tlciBNYW4='),(6,3,'VGhlIFdpY2tlciBNYW4='),(6,4,'V29ybGQgVHJhZGUgQ2VudGVy'),(6,4,'VGhlIEFudCBCdWxseQ=='),(6,4,'VGhlIFdlYXRoZXIgTWFu'),(6,4,'TG9yZCBvZiBXYXI='),(6,3,'TG9yZCBvZiBXYXI='),(6,4,'TmF0aW9uYWwgVHJlYXN1cmU='),(6,4,'TWF0Y2hzdGljayBNZW4='),(6,3,'VGhlIExpZmUgb2YgRGF2aWQgR2FsZQ=='),(6,4,'QWRhcHRhdGlvbg=='),(6,4,'U29ubnk='),(6,2,'U29ubnk='),(6,3,'U29ubnk='),(6,4,'V2luZHRhbGtlcnM='),(6,4,'Q2FwdGFpbiBDb3JlbGxpJ3MgTWFuZG9saW4='),(6,4,'Q2hyaXN0bWFzIENhcm9sIC0gVGhlIE1vdmll'),(6,3,'U2hhZG93IG9mIHRoZSBWYW1waXJl'),(6,4,'VGhlIEZhbWlseSBNYW4='),(6,4,'V2VsY29tZSB0byBIb2xseXdvb2Q='),(6,4,'R29uZSBpbiA2MCBTZWNvbmRzIChHb25lIGluIFNpeHR5IFNlY29uZHMp'),(6,4,'QnJpbmdpbmcgT3V0IHRoZSBEZWFk'),(6,4,'OE1N'),(6,4,'U25ha2UgRXllcw=='),(6,4,'Q2l0eSBvZiBBbmdlbHM='),(6,4,'V2VsY29tZSB0byBIb2xseXdvb2Q='),(6,4,'RmFjZS9PZmY='),(6,4,'Q29uIEFpcg=='),(6,4,'VGhlIFJvY2s='),(6,4,'TGVhdmluZyBMYXMgVmVnYXM='),(6,4,'S2lzcyBvZiBEZWF0aA=='),(6,4,'SXQgQ291bGQgSGFwcGVuIHRvIFlvdQ=='),(6,4,'R3VhcmRpbmcgVGVzcw=='),(6,4,'VHJhcHBlZCBpbiBQYXJhZGlzZQ=='),(6,4,'RGVhZGZhbGw='),(6,4,'QW1vcyAmIEFuZHJldw=='),(6,4,'UmVkIFJvY2sgV2VzdA=='),(6,4,'SG9uZXltb29uIGluIFZlZ2Fz'),(6,4,'UmFiYml0IEVhcnM6IERhdnkgQ3JvY2tldHQ='),(6,4,'WmFuZGFsZWU='),(6,4,'V2lsZCBBdCBIZWFydA=='),(6,4,'SW5kdXN0cmlhbCBTeW1waG9ueSBOby4gMTogVGhlIERyZWFtIG9mIHRoZSBCcm9rZW4gSGVhcnRlZA=='),(6,4,'RmlyZSBCaXJkcw=='),(6,4,'VGltZSBUbyBLaWxs'),(6,4,'VmFtcGlyZSdzIEtpc3M='),(6,4,'TmV2ZXIgb24gVHVlc2RheQ=='),(6,4,'TW9vbnN0cnVjaw=='),(6,4,'UmFpc2luZyBBcml6b25h'),(6,4,'UGVnZ3kgU3VlIEdvdCBNYXJyaWVk'),(6,4,'VGhlIEJveSBpbiBCbHVl'),(6,4,'QmlyZHk='),(6,4,'VGhlIENvdHRvbiBDbHVi'),(6,4,'UmFjaW5nIFdpdGggdGhlIE1vb24='),(6,4,'UnVtYmxlIEZpc2g='),(6,4,'VmFsbGV5IEdpcmw='),(6,4,'RmFzdCBUaW1lcyBBdCBSaWRnZW1vbnQgSGlnaA=='),(7,4,'T25jZSBVcG9uIGEgVGltZSBJbiBIb2xseXdvb2Q='),(7,3,'RGVsaXJpdW0='),(7,4,'VGl0YW5pYyBpbiBEb2xieSBWaXNpb24='),(7,3,'TGl2ZSBCeSBOaWdodA=='),(7,3,'RGV2aWwgaW4gdGhlIFdoaXRlIENpdHk='),(7,4,'RGV2aWwgaW4gdGhlIFdoaXRlIENpdHk='),(7,3,'VGhlIERlZXAgQmx1ZSBHb29kYnll'),(7,4,'QmVmb3JlIHRoZSBGbG9vZA=='),(7,3,'QmVmb3JlIHRoZSBGbG9vZA=='),(7,3,'QmVmb3JlIHRoZSBGbG9vZA=='),(7,3,'VGhlIEJhbGxhZCBvZiBSaWNoYXJkIEpld2VsbA=='),(7,4,'VGhlIEJhbGxhZCBvZiBSaWNoYXJkIEpld2VsbA=='),(7,3,'VGhlIEl2b3J5IEdhbWU='),(7,3,'SGFya2Vy'),(7,4,'VGhlIFJldmVuYW50'),(7,4,'VGhlIEF1ZGl0aW9u'),(7,3,'VHdpbGlnaHQgWm9uZTogVGhlIE1vdmll'),(7,3,'VmlydW5nYQ=='),(7,4,'Q2FyYm9u'),(7,3,'VGhlIFdvbGYgb2YgV2FsbCBTdHJlZXQ='),(7,4,'VGhlIFdvbGYgb2YgV2FsbCBTdHJlZXQ='),(7,3,'T3V0IG9mIHRoZSBGdXJuYWNl'),(7,3,'UnVubmVyIFJ1bm5lcg=='),(7,4,'VGhlIEdyZWF0IEdhdHNieQ=='),(7,4,'RGphbmdvIFVuY2hhaW5lZA=='),(7,4,'VW50aXRsZWQgVmlraW5nIERyYW1h'),(7,4,'Si4gRWRnYXI='),(7,3,'VGhlIElkZXMgb2YgTWFyY2g='),(7,3,'UmVkIFJpZGluZyBIb29k'),(7,4,'SW5jZXB0aW9u'),(7,4,'SHViYmxlIDNE'),(7,4,'U2h1dHRlciBJc2xhbmQ='),(7,4,'RGFudGUgRmVycmV0dGk6IFNjZW5vZ3JhZm8gSXRhbGlhbm8='),(7,3,'T3JwaGFu'),(7,4,'UmV2b2x1dGlvbmFyeSBSb2Fk'),(7,4,'Qm9keSBvZiBMaWVz'),(7,4,'R3JlZW5zYnVyZw=='),(7,1,'VGhlIDExdGggSG91cg=='),(7,4,'VGhlIDExdGggSG91cg=='),(7,3,'VGhlIDExdGggSG91cg=='),(7,3,'VGhlIEdhcmRlbmVyIG9mIEVkZW4='),(7,4,'Qmxvb2QgRGlhbW9uZA=='),(7,4,'VGhlIERlcGFydGVk'),(7,3,'VGhlIEFzc2Fzc2luYXRpb24gb2YgUmljaGFyZCBOaXhvbg=='),(7,4,'VGhlIEF2aWF0b3I='),(7,3,'VGhlIEF2aWF0b3I='),(7,3,'VGhlIEF2aWF0b3I='),(7,4,'Q2F0Y2ggTWUgSWYgWW91IENhbg=='),(7,4,'R2FuZ3Mgb2YgTmV3IFlvcms='),(7,4,'RGF2aWQgQmxhaW5lOiBGZWFybGVzcw=='),(7,4,'RWwgQ2Fm6SBEb24ncw=='),(7,4,'VGhlIEJlYWNo'),(7,4,'UG9ydHJhaXQgb2YgTGVvbmFyZG86IFRoZSBLaWQgV2hvIFRvb2sgSG9sbHl3b29k'),(7,4,'TGVvbmFyZG8gRGlDYXByaW86IEluIEhpcyBPd24gV29yZHM='),(7,4,'Q2VsZWJyaXR5'),(7,4,'VGhlIE1hbiBpbiB0aGUgSXJvbiBNYXNr'),(7,4,'TGVvbmFyZG8gRGlDYXByaW86IFRoZSBJbnRlcnZpZXdzIEk='),(7,4,'TGVvbmFyZG8gRGlDYXByaW86IFRoZSBJbnRlcnZpZXdzIElJ'),(7,4,'TGVvbmFyZG8gRGlDYXByaW86IEluIEhpcyBPd24gV29yZHM='),(7,4,'VGl0YW5pYw=='),(7,4,'TWFydmluJ3MgUm9vbQ=='),(7,4,'Um9tZW8gKyBKdWxpZXQ='),(7,4,'VG90YWwgRWNsaXBzZQ=='),(7,4,'VGhlIEJhc2tldGJhbGwgRGlhcmllcw=='),(7,4,'VGhlIFF1aWNrIGFuZCB0aGUgRGVhZA=='),(7,4,'T25lIEh1bmRyZWQgYW5kIE9uZSBOaWdodHM='),(7,4,'V2hhdCdzIEVhdGluZyBHaWxiZXJ0IEdyYXBl'),(7,4,'VGhpcyBCb3kncyBMaWZl'),(7,4,'UG9pc29uIEl2eQ=='),(7,4,'Q3JpdHRlcnMgMw=='),(8,4,'Q3JlZWQgSUk='),(8,4,'U29ycnkgdG8gQm90aGVyIFlvdQ=='),(8,4,'RnVybG91Z2g='),(8,4,'QW5uaWhpbGF0aW9u'),(8,4,'RGlydHkgQ29tcHV0ZXI6IEFuIEVtb3Rpb24gUGljdHVyZSBieSBKYW5lbGxlIE1vbmFl'),(8,4,'TGl0dGxlIFdvb2Rz'),(8,4,'VGhvcjogUmFnbmFyb2s='),(8,4,'V2FyIG9uIEV2ZXJ5b25l'),(8,4,'Q3JlZWQ='),(8,4,'U2VsbWE='),(8,4,'RGVhciBXaGl0ZSBQZW9wbGU='),(8,4,'R3JhbnRoYW0gJiBSb3Nl'),(8,4,'QXV0b21vdGl2ZQ=='),(8,4,'TXVyZGVyIG9uIHRoZSAxM3RoIEZsb29y'),(8,4,'Rm9yIENvbG9yZWQgR2lybHM='),(8,4,'RXZlcnlkYXkgQmxhY2sgTWFu'),(8,4,'RXhxdWlzaXRlIENvcnBzZQ=='),(8,4,'TWlzc2lzc2lwcGkgRGFtbmVk'),(8,4,'UmVkICYgQmx1ZSBNYXJibGVz'),(8,4,'TWFrZSBJdCBIYXBwZW4='),(8,4,'VGhlIEluaXRpYXRpb24gb2YgU2FyYWg='),(8,4,'V2hlbiBhIFN0cmFuZ2VyIENhbGxz'),(9,4,'Vm94IEx1eA=='),(9,3,'RWF0aW5nIEFuaW1hbHM='),(9,4,'RWF0aW5nIEFuaW1hbHM='),(9,4,'QW5uaWhpbGF0aW9u'),(9,4,'QW5uaWhpbGF0aW9uIGVuIGVzcGHxb2w='),(9,4,'VGhpcyBDaGFuZ2VzIEV2ZXJ5dGhpbmc='),(9,4,'VGhlIERlYXRoIGFuZCBMaWZlIG9mIEpvaG4gRi4gRG9ub3Zhbg=='),(9,4,'VGhlIEhleWRheSBvZiB0aGUgSW5zZW5zaXRpdmUgQmFzdGFyZHM='),(9,4,'VGhlIFN1bW1vbmluZyAoUGxhbmV0YXJpdW0p'),(9,4,'VGhlIFB1bGl0emVyIGF0IDEwMA=='),(9,4,'U29uZyB0byBTb25n'),(9,4,'RGUgY2Fu5+NvIGVtIGNhbufjbw=='),(9,4,'SmFja2ll'),(9,1,'QSBUYWxlIG9mIExvdmUgYW5kIERhcmtuZXNz'),(9,2,'QSBUYWxlIG9mIExvdmUgYW5kIERhcmtuZXNz'),(9,4,'QSBUYWxlIG9mIExvdmUgYW5kIERhcmtuZXNz'),(9,3,'QSBUYWxlIG9mIExvdmUgYW5kIERhcmtuZXNz'),(9,3,'VGhlIFNldmVudGggRmlyZQ=='),(9,4,'S25pZ2h0IG9mIEN1cHM='),(9,3,'UHJpZGUgYW5kIFByZWp1ZGljZSBhbmQgWm9tYmllcw=='),(9,4,'SmFuZSBHb3QgYSBHdW4='),(9,4,'VGhvcjogVGhlIERhcmsgV29ybGQ='),(9,4,'TXkgVmFsZW50aW5l'),(9,4,'SGVzaGVy'),(9,3,'SGVzaGVy'),(9,4,'VGhvcg=='),(9,4,'WW91ciBIaWdobmVzcw=='),(9,3,'VGhlIE90aGVyIFdvbWFu'),(9,4,'VGhlIE90aGVyIFdvbWFu'),(9,3,'Tm8gU3RyaW5ncyBBdHRhY2hlZA=='),(9,4,'Tm8gU3RyaW5ncyBBdHRhY2hlZA=='),(9,4,'U2VzYW1lIFN0cmVldDogUCBJcyBGb3IgUHJpbmNlc3M='),(9,4,'QmxhY2sgU3dhbg=='),(9,4,'QnJvdGhlcnM='),(9,4,'TmV3IFlvcmssIEkgTG92ZSBZb3U='),(9,1,'TmV3IFlvcmssIEkgTG92ZSBZb3U='),(9,2,'TmV3IFlvcmssIEkgTG92ZSBZb3U='),(9,4,'VGhlIE90aGVyIEJvbGV5biBHaXJs'),(9,4,'TXIuIE1hZ29yaXVtJ3MgV29uZGVyIEVtcG9yaXVt'),(9,4,'SG90ZWwgQ2hldmFsaWVy'),(9,4,'VGhlIERhcmplZWxpbmcgTGltaXRlZA=='),(9,4,'R295YSdzIEdob3N0cw=='),(9,4,'TXkgQmx1ZWJlcnJ5IE5pZ2h0cw=='),(9,4,'UGFyaXMgSmUgVCdhaW1l'),(9,4,'U2F2aW5nIGEgU3BlY2llcw=='),(9,4,'RnJlZSBab25l'),(9,4,'ViBmb3IgVmVuZGV0dGE='),(9,4,'U3RhciBXYXJzOiBFcGlzb2RlIElJSSAtIFJldmVuZ2Ugb2YgdGhlIFNpdGg='),(9,4,'Q2xvc2Vy'),(9,4,'R2FyZGVuIFN0YXRl'),(9,4,'VHJ1ZQ=='),(9,4,'Q29sZCBNb3VudGFpbg=='),(9,4,'U3RhciBXYXJzOiBFcGlzb2RlIElJIC0gQXR0YWNrIG9mIHRoZSBDbG9uZXM='),(9,4,'Wm9vbGFuZGVy'),(9,4,'QW55d2hlcmUgYnV0IEhlcmU='),(9,4,'V2hlcmUgdGhlIEhlYXJ0IElz'),(9,4,'U3RhciBXYXJzOiBFcGlzb2RlIEkgLSBUaGUgUGhhbnRvbSBNZW5hY2U='),(9,4,'VGhlIFN0YXJzIG9mIFN0YXIgV2FyczogSW50ZXJ2aWV3cyBmcm9tIHRoZSBDYXN0'),(9,4,'VGhlIFByaW5jZSBvZiBFZ3lwdA=='),(9,4,'TWFycyBBdHRhY2tzIQ=='),(9,4,'RXZlcnlvbmUgU2F5cyBJIExvdmUgWW91'),(9,4,'QmVhdXRpZnVsIEdpcmxz'),(9,4,'SGVhdA=='),(9,4,'TOlvbjogVGhlIFByb2Zlc3Npb25hbA=='),(9,4,'RGV2ZWxvcGluZw=='),(10,4,'QXQgRXRlcm5pdHkncyBHYXRl'),(10,4,'TGlmZSBJdHNlbGY='),(10,3,'T3BlcmF0aW9uIEZpbmFsZQ=='),(10,4,'T3BlcmF0aW9uIEZpbmFsZQ=='),(10,4,'QW5uaWhpbGF0aW9u'),(10,4,'QW5uaWhpbGF0aW9uIGVuIGVzcGHxb2w='),(10,4,'U3RhciBXYXJzOiBUaGUgTGFzdCBKZWRp'),(10,4,'U3VidXJiaWNvbg=='),(10,4,'VGhlIFByb21pc2U='),(10,4,'VGltZSBUbyBDaG9vc2U='),(10,4,'WC1NZW46IEFwb2NhbHlwc2U='),(10,4,'TW9qYXZl'),(10,4,'TGlnaHRuaW5nZmFjZQ=='),(10,4,'U3RhciBXYXJzOiBFcGlzb2RlIFZJSSAtIFRoZSBGb3JjZSBBd2FrZW5z'),(10,4,'RXggTWFjaGluYQ=='),(10,4,'QSBNb3N0IFZpb2xlbnQgWWVhcg=='),(10,4,'VGlja3kgVGFja3k='),(10,4,'VGhlIFR3byBGYWNlcyBvZiBKYW51YXJ5'),(10,4,'SW4gU2VjcmV0'),(10,4,'QW5vdGhlciBEYXksIEFub3RoZXIgVGltZTogQ2VsZWJyYXRpbmcgdGhlIE11c2ljIG9mIEluc2lkZSBMbGV3eW4gRGF2aXM='),(10,4,'SW5zaWRlIExsZXd5biBEYXZpcw=='),(10,4,'TW9qYXZl'),(10,4,'V29uJ3QgQmFjayBEb3du'),(10,4,'MTAgWWVhcnM='),(10,4,'VGhlIEJvdXJuZSBMZWdhY3k='),(10,4,'Rm9yIEdyZWF0ZXIgR2xvcnk='),(10,4,'UmV2ZW5nZSBmb3IgSm9sbHkh'),(10,4,'Vy5FLg=='),(10,4,'RHJpdmU='),(10,4,'U3Vja2VyIFB1bmNo'),(10,4,'QWdvcmE='),(10,4,'Um9iaW4gSG9vZA=='),(10,4,'QmFsaWJv'),(10,4,'Qm9keSBvZiBMaWVz'),(10,4,'VGhlIExpZmUgQmVmb3JlIEhlciBFeWVz'),(10,4,'VGhlIE5hdGl2aXR5IFN0b3J5'),(10,4,'UFUtMjM5'),(10,4,'QWxsIEFib3V0IHRoZSBCZW5qYW1pbnM='),(11,4,'VGhlIFZveWFnZSBvZiBEb2N0b3IgRG9saXR0bGU='),(11,4,'SW5zdGFudCBGYW1pbHk='),(11,4,'QSBLaWQgTGlrZSBKYWtl'),(11,4,'U21hbGwgVG93biBDcmltZQ=='),(11,3,'U21hbGwgVG93biBDcmltZQ=='),(11,4,'THVjZQ=='),(11,4,'VGhlIFNoYXBlIG9mIFdhdGVy'),(11,4,'Q2FyIERvZ3M='),(11,4,'VGhlIFNoYWNr'),(11,4,'SGlkZGVuIEZpZ3VyZXM='),(11,4,'QmFkIFNhbnRhIDI='),(11,4,'VGhlIEdyZWF0IEdpbGx5IEhvcGtpbnM='),(11,4,'VGhlIEZyZWUgV29ybGQ='),(11,4,'RmF0aGVycyBBbmQgRGF1Z2h0ZXJz'),(11,4,'VGhlIERpdmVyZ2VudCBTZXJpZXM6IEFsbGVnaWFudA=='),(11,4,'Wm9vdG9waWE='),(11,4,'SW5zdXJnZW50'),(11,4,'QmxhY2sgb3IgV2hpdGU='),(11,4,'WmJ1bnRvd2FuYSAzRA=='),(11,4,'R2V0IE9uIFVw'),(11,4,'U25vd3BpZXJjZXI='),(11,4,'SmVzdXMgUGVvcGxl'),(11,4,'TGV0dGVycyB0byBKYWNraWU6IFJlbWVtYmVyaW5nIFByZXNpZGVudCBLZW5uZWR5'),(11,4,'UGVyY3kgSmFja3NvbjogU2VhIG9mIE1vbnN0ZXJz'),(11,4,'RnJ1aXR2YWxlIFN0YXRpb24='),(11,4,'Q2FsbCBNZSBDcmF6eTogQSBGaXZlIEZpbG0='),(11,4,'U21hc2hlZA=='),(11,4,'Qmx1ZXMgZm9yIFdpbGxhZGVhbg=='),(11,4,'TG9zdCBPbiBQdXJwb3Nl'),(11,4,'Rmx5cGFwZXI='),(11,4,'VGhlIEhlbHA='),(11,4,'RGlubmVyIGZvciBTY2htdWNrcw=='),(11,4,'U21hbGwgVG93biBTYXR1cmRheSBOaWdodA=='),(11,4,'RHJhZyBNZSB0byBIZWxs'),(11,4,'SGVycGVzIEJveQ=='),(11,4,'VGhlIEZpcnN0IFRpbWU='),(11,4,'U2V2ZW4gUG91bmRz'),(11,4,'UHJldHR5IFVnbHkgUGVvcGxl'),(11,4,'VGhlIE5pbmVz'),(11,4,'UHVsc2U='),(11,4,'TWFyaWx5biBIb3RjaGtpc3MgQmFsbHJvb20gRGFuY2luZyAmIENoYXJtIFNjaG9vbA=='),(11,4,'Q29hY2ggQ2FydGVy'),(11,4,'QnJlYWtpbicgQWxsIHRoZSBSdWxlcw=='),(11,4,'V2luIGEgRGF0ZSBXaXRoIFRhZCBIYW1pbHRvbiE='),(11,4,'QmFkIFNhbnRh'),(11,4,'TGVnYWxseSBCbG9uZGUgMiAtIFJlZCwgV2hpdGUgJiBCbG9uZGU='),(11,4,'U3BpZGVyLU1hbg=='),(11,4,'RXZlcnl0aGluZyBQdXQgVG9nZXRoZXI='),(11,4,'U29sIEdvb2Rl'),(11,4,'Rm91ciBEb2dzIFBsYXlpbmcgUG9rZXI='),(11,4,'QmlnIE1vbW1hJ3MgSG91c2U='),(11,4,'V2hhdCBQbGFuZXQgQXJlIFlvdSBGcm9tPw=='),(11,4,'QW1lcmljYW4gVmlyZ2lu'),(11,4,'QmVpbmcgSm9obiBNYWxrb3ZpY2g='),(11,4,'Qmx1ZSBTdHJlYWs='),(11,4,'TmV2ZXIgQmVlbiBLaXNzZWQ='),(11,4,'U3BhcmtsZXI='),(11,4,'VGhlIFNpeHRoIE1hbg=='),(11,4,'QSBUaW1lIHRvIEtpbGw='),(12,4,'VGhlIERlYWQgRG9uJ3QgRGll'),(12,4,'QmxhY0trS2xhbnNtYW4='),(12,4,'VGhlIFRvcnR1cmUgUmVwb3J0'),(12,4,'U3RhciBXYXJzOiBUaGUgTGFzdCBKZWRp'),(12,4,'TG9nYW4gTHVja3k='),(12,4,'U2lsZW5jZQ=='),(12,4,'UGF0ZXJzb24='),(12,4,'TWlkbmlnaHQgU3BlY2lhbA=='),(12,4,'U3RhciBXYXJzOiBFcGlzb2RlIFZJSSAtIFRoZSBGb3JjZSBBd2FrZW5z'),(12,4,'SHVuZ3J5IEhlYXJ0cw=='),(12,4,'V2hpbGUgV2UncmUgWW91bmc='),(12,4,'VGhpcyBJcyBXaGVyZSBJIExlYXZlIFlvdQ=='),(12,4,'VHJhY2tz'),(12,4,'Tm90IFdhdmluZyBCdXQgRHJvd25pbmc='),(12,4,'V2hhdCBJZg=='),(12,4,'Qmx1ZWJpcmQ='),(12,4,'SW5zaWRlIExsZXd5biBEYXZpcw=='),(12,4,'RnJhbmNlcyBIYQ=='),(12,4,'VGhlIFJpdmVy'),(12,4,'TGluY29sbg=='),(12,4,'R2F5Ynk='),(12,4,'Si4gRWRnYXI='),(12,4,'WW91IERvbid0IEtub3cgSmFjaw=='),(13,4,'QmxhY2sgUGFudGhlcg=='),(13,4,'QXVndXN0IDI4dGg6IEEgRGF5IGluIHRoZSBMaWZlIG9mIGEgUGVvcGxl'),(13,4,'U3RhciBXYXJzOiBUaGUgTGFzdCBKZWRp'),(13,4,'QmVoaW5kIHRoZSBDdXJ0YWluOiBFY2xpcHNlZA=='),(13,4,'UXVlZW4gb2YgS2F0d2U='),(13,4,'VGhlIEp1bmdsZSBCb29r'),(13,4,'U3RhciBXYXJzOiBFcGlzb2RlIFZJSSAtIFRoZSBGb3JjZSBBd2FrZW5z'),(13,4,'Tm9uLVN0b3A='),(13,4,'MTIgWWVhcnMgYSBTbGF2ZQ=='),(13,2,'SW4gTXkgR2VuZXM='),(14,4,'QmFkIEJveXMgZm9yIExpZmU='),(14,4,'R2VtaW5pIE1hbg=='),(14,4,'U3BpZXMgaW4gRGlzZ3Vpc2U='),(14,4,'QnJpZ2h0'),(14,4,'QWZyaWNhbiBBbWVyaWNhbiBNdXNldW0='),(14,4,'Q29sbGF0ZXJhbCBCZWF1dHk='),(14,4,'U3VpY2lkZSBTcXVhZA=='),(14,4,'Q29uY3Vzc2lvbg=='),(14,4,'Rm9jdXM='),(14,3,'QW5uaWU='),(14,4,'V2ludGVyJ3MgVGFsZQ=='),(14,3,'QWZ0ZXIgRWFydGg='),(14,4,'QSBNYW4ncyBTdG9yeQ=='),(14,4,'TWVuIGluIEJsYWNrIElJSQ=='),(14,3,'VGhpcyBNZWFucyBXYXI='),(14,3,'VGhlIEthcmF0ZSBLaWQ='),(14,4,'U2V2ZW4gUG91bmRz'),(14,3,'U2V2ZW4gUG91bmRz'),(14,3,'VGhlIFNlY3JldCBMaWZlIG9mIEJlZXM='),(14,3,'TGFrZXZpZXcgVGVycmFjZQ=='),(14,3,'SGFuY29jaw=='),(14,4,'SGFuY29jaw=='),(14,3,'VGhlIEh1bWFuIENvbnRyYWN0'),(14,4,'SSBBbSBMZWdlbmQ='),(14,3,'VGhlIFB1cnN1aXQgb2YgSGFwcHluZXNz'),(14,4,'VGhlIFB1cnN1aXQgb2YgSGFwcHluZXNz'),(14,3,'QVRM'),(14,3,'U2F2aW5nIEZhY2U='),(14,4,'SGl0Y2g='),(14,3,'SGl0Y2g='),(14,4,'U2hhcmsgVGFsZQ=='),(14,3,'VGhlIFNlYXQgRmlsbGVy'),(14,4,'SSwgUm9ib3Q='),(14,3,'SSwgUm9ib3Q='),(14,4,'SmVyc2V5IEdpcmw='),(14,4,'QmFkIEJveXMgSUk='),(14,4,'QSBDbG9zZXIgV2Fsaw=='),(14,4,'TWVuIGluIEJsYWNrIElJ'),(14,3,'U2hvd3RpbWU='),(14,4,'QWxp'),(14,4,'VGhlIExlZ2VuZCBvZiBCYWdnZXIgVmFuY2U='),(14,4,'V2lsZCBXaWxkIFdlc3Q='),(14,4,'QWxpZW5zIGluIHRoZSBXaWxkLCBXaWxkIFdlc3Q='),(14,4,'RW5lbXkgb2YgdGhlIFN0YXRl'),(14,4,'V2VsY29tZSB0byBIb2xseXdvb2Q='),(14,4,'TWVuIGluIEJsYWNr'),(14,4,'SW5kZXBlbmRlbmNlIERheQ=='),(14,4,'QmFkIEJveXM='),(14,4,'U2l4IERlZ3JlZXMgb2YgU2VwYXJhdGlvbg=='),(14,4,'TWFkZSBpbiBBbWVyaWNh'),(14,4,'V2hlcmUgdGhlIERheSBUYWtlcyBZb3U='),(14,4,'VGhlIEltYWdlbWFrZXI='),(15,4,'VGhlIFJlZCBNYXBsZSBMZWFm'),(15,4,'Q3JpZXMgb2YgdGhlIFVuYm9ybg=='),(15,4,'VGhlIEJpZyBGYXQgU3RvbmU='),(15,4,'Tm8gRGVwb3NpdA=='),(15,4,'TXkgSXRhbGlhbiBTZWNyZXQ6IFRoZSBGb3Jnb3R0ZW4gSGVyb2Vz'),(15,4,'QWN0b3I/IEEgRG9jdW1lbnRhcnk='),(15,4,'QW4gRXZlcmdyZWVuIENocmlzdG1hcw=='),(15,4,'U25hcHNob3Q='),(15,4,'UmVhbCBHYW5nc3RlcnM='),(15,4,'U2NhdmVuZ2VyIEtpbGxlcnM='),(15,4,'Q2FwdHVyZWQgSGVhcnRz'),(15,4,'VGhlIERpYXJ5IE9mIFByZXN0b24gUGx1bW1lcg=='),(15,4,'TWFyZ2FyaW5lIFdhcnM='),(15,4,'VGltIGFuZCBFcmljJ3MgQmlsbGlvbiBEb2xsYXIgTW92aWU='),(15,4,'QXBvc3RsZSBQZXRlciBhbmQgdGhlIExhc3QgU3VwcGVy'),(15,4,'VGhlIEdyYW5kIFRoZWZ0'),(15,4,'VGhlIExpZmUgWm9uZQ=='),(15,4,'SGFydmVzdA=='),(15,4,'RmFrZQ=='),(15,4,'VGhlIEdyZWF0IEZpZ2h0'),(15,4,'UG9yZ2kgbCdhbHRyYSBndWFuY2lhIChUdXJuIHRoZSBPdGhlciBDaGVlayk='),(15,4,'U2hyaW5r'),(15,4,'VGhlIExlYXN0IG9mIFRoZXNl'),(15,4,'QWdhaW5zdCBUaW1l'),(15,4,'UmFpbg=='),(15,4,'Rm9yZ2V0IEFib3V0IEl0'),(15,4,'UmFpbg=='),(15,4,'RnVubnkgTW9uZXk='),(15,4,'Um9ja3kgTWFyY2lhbm86IEEgTGlmZSBTdG9yeQ=='),(15,4,'V2lsZCBTZXZlbg=='),(15,4,'VGhlIEJvbmV5YXJkIENvbGxlY3Rpb24='),(15,4,'VGhlIERlYWw='),(15,4,'T3VyIENvbnRyaWJ1dGlvbnM6IFRoZSBJdGFsaWFucyBpbiBBbWVyaWNh'),(15,4,'Q29uZmlkZW5jZQ=='),(15,4,'VGhlIE1hc3RlciBvZiBEaXNndWlzZQ=='),(15,4,'VGhlIFNoaXBtZW50'),(15,4,'RG9kc29uJ3MgSm91cm5leQ=='),(15,4,'UmV0dXJuIHRvIE1l'),(15,4,'QW1lcmljYW4gVmlyZ2lu'),(15,4,'VHJpdW1waCBvZiB0aGUgU3Bpcml0'),(15,4,'VGhlIFN1YnVyYmFucw=='),(15,4,'Qm9uYW5ubzogQSBHb2RmYXRoZXIncyBTdG9yeSAoVGhlIFlvdW5nZXN0IEdvZGZhdGhlcik='),(15,4,'Sm9hbiBvZiBBcmM='),(15,4,'SGFyZCBUaW1l'),(15,4,'SG9seSBNYW4='),(15,4,'VGhlIFByb3Bvc2l0aW9u'),(15,4,'V2lkZSBBd2FrZQ=='),(15,4,'U21pbGxhJ3MgU2Vuc2Ugb2YgU25vdw=='),(15,4,'TG9zdCBIaWdod2F5'),(15,4,'Rmx5cGFwZXI='),(15,4,'TmF0aW9uYWwgTGFtcG9vbidzIFRoZSBEb24ncyBBbmFseXN0'),(15,4,'UGFuZG9yYSdzIENsb2NrIChEb29tc2RheSBWaXJ1cyk='),(15,4,'TWlzdHJpYWw='),(15,4,'VGhlIExpbmUgS2luZzogVGhlIEFsIEhpcnNjaGZlbGQgU3Rvcnk='),(15,4,'SW5kZXBlbmRlbmNlIERheQ=='),(15,4,'Q29sZGJsb29kZWQ='),(15,4,'VGhlIFJpZ2h0IFRvIFJlbWFpbiBTaWxlbnQ='),(15,4,'QmV0d2VlbiBMb3ZlICYgSG9ub3I='),(15,4,'Q29sZCBCbG9vZGVk'),(15,4,'SmFrZSBMYXNzaXRlcjogSnVzdGljZSBvbiB0aGUgQmF5b3U='),(15,4,'SSBMb3ZlIFRyb3VibGU='),(15,4,'VGhlIExhc3QgVGF0dG9v'),(15,4,'TWFuIHdpdGggYSBHdW4='),(15,4,'V2hpdGUgTWlsZQ=='),(15,4,'QmFkIEdpcmxz'),(15,4,'TWVyY3kgTWlzc2lvbjogVGhlIFJlc2N1ZSBvZiBGbGlnaHQgNzcx'),(15,4,'TGlmZXBvZA=='),(15,4,'V2lsZCBQYWxtcw=='),(15,4,'TG9zdCBpbiB0aGUgV2lsZA=='),(15,4,'SW5ub2NlbnQgQmxvb2Q='),(15,4,'U3BpZXMgSW5jLiAoU3BpZXMsIExpZXMgQW5kIEFsaWJpcyk='),(15,4,'QWZ0ZXJidXJu'),(15,4,'R2xhZGlhdG9y'),(15,4,'TmVjZXNzYXJ5IFJvdWdobmVzcw=='),(15,4,'VGhlIE1hcnJ5aW5nIE1hbg=='),(15,4,'T3Bwb3J0dW5pdHkgS25vY2tz'),(15,4,'UmVsZW50bGVzcw=='),(15,4,'UnVubmluZyBBd2F5'),(15,4,'T2xpdmVyICYgQ29tcGFueQ=='),(15,4,'Qmln'),(15,4,'Q29kZSBOYW1lOiBDaGFvcw=='),(15,4,'SW50cmlndWU='),(15,4,'RWNob2VzIGluIHRoZSBEYXJrbmVzcw=='),(15,4,'R2FieTogQSBUcnVlIFN0b3J5'),(15,4,'VGhlIEJlbGlldmVycw=='),(15,4,'Q29uc3BpcmFjeTogVGhlIFRyaWFsIG9mIHRoZSBDaGljYWdvIDg='),(15,4,'RmF2b3JpdGUgU29u'),(15,4,'SG90IFB1cnN1aXQ='),(15,4,'T3ZlciB0aGUgVG9w'),(15,4,'VGhhdCdzIExpZmUh'),(15,4,'QXJtZWQgYW5kIERhbmdlcm91cw=='),(15,4,'SmFnZ2VkIEVkZ2U='),(15,4,'UHJpenppJ3MgSG9ub3I='),(15,4,'U2NhcmZhY2U='),(15,4,'Q3Vyc2Ugb2YgdGhlIFBpbmsgUGFudGhlcg=='),(15,4,'UHN5Y2hvIElJ'),(15,4,'VHJhaWwgb2YgdGhlIFBpbmsgUGFudGhlcg=='),(15,4,'QSBXb21hbiBDYWxsZWQgR29sZGE='),(15,4,'QW4gT2ZmaWNlciBhbmQgYSBHZW50bGVtYW4='),(15,4,'Uy5PLkIu'),(15,4,'Q2FzaW5v'),(15,4,'VGhlIE5pbnRoIENvbmZpZ3VyYXRpb24gKFR3aW5rbGUsIFR3aW5rbGUsIEtpbGxlciBLYW5lKQ=='),(15,4,'UGllZG9uZSBkJ2VnaXR0bw=='),(15,4,'VGhlIFJldmVuZ2Ugb2YgdGhlIFBpbmsgUGFudGhlcg=='),(15,4,'U3BlZWQgVHJhcA=='),(15,4,'U3BlZWR0cmFw'),(15,4,'Rmlyc3QgTG92ZQ=='),(15,4,'UmFpZCBvbiBFbnRlYmJl'),(15,4,'RG9nIG9mIEZsYW5kZXJz'),(15,4,'Q2hlIQ=='),(15,4,'VGhlIEdyZWF0ZXN0IFN0b3J5IEV2ZXIgVG9sZA=='),(15,4,'VGhlIFRocmVlIFNpc3RlcnM='),(15,4,'Q2F0dGxlIEtpbmc='),(15,4,'U2l4IEd1biBMYXc='),(15,4,'VGhlIExvc3QgTWlzc2lsZQ=='),(15,4,'Q29wIEhhdGVy'),(15,4,'VGhlIE5pbmUgTGl2ZXMgb2YgRWxmZWdvIEJhY2E='),(15,4,'VGhlIEdhcm1lbnQgSnVuZ2xl'),(15,4,'U29tZWJvZHkgVXAgVGhlcmUgTGlrZXMgTWU='),(16,4,'TmFwcGlseSBFdmVyIEFmdGVy'),(16,4,'U3BhY2VtYW4='),(16,4,'R2hvc3RidXN0ZXJz'),(16,4,'R29kJ3MgTm90IERlYWQgMg=='),(16,4,'R2hvc3RoZWFkcw=='),(16,4,'VGhlIE1hbiBJbiBUaGUgU2lsbw=='),(16,4,'QmF0bWFuOiBCYWQgQmxvb2Q='),(16,4,'R2FsbG93cyBSb2Fk'),(16,4,'VG8gSGVsbCBhbmQgQmFjaw=='),(16,4,'WW91J3JlIE5vdCBZb3U='),(16,4,'VGhlIEdyaW0gU2xlZXBlcg=='),(16,4,'TWVycnkgRXgtTWFz'),(16,4,'VG91Y2hlZA=='),(16,4,'RGVhciBTZWNyZXQgU2FudGE='),(16,4,'RG9vbmJ5'),(16,4,'Q2FsbCBNZSBDcmF6eTogQSBGaXZlIEZpbG0='),(16,4,'QmF0dGxlZG9ncw=='),(16,4,'RGFyayBDYW55b24gKEFtYnVzaCBhdCBEYXJrIENhbnlvbik='),(16,4,'RGVlciBDcm9zc2luZw=='),(16,4,'VHVybmluZyBQb2ludA=='),(16,4,'VGhlIEFkdmVudHVyZXMgb2YgTWlja2V5IE1hdHNvbiBhbmQgdGhlIENvcHBlcmhlYWQgVHJlYXN1cmU='),(16,4,'QmV2ZXJseSBIaWxscyBDaGlodWFodWEgMg=='),(16,4,'R2FtZSBvZiBEZWF0aA=='),(16,4,'TWFjaGV0ZSBKb2U='),(16,4,'U21va2luJyBBY2VzIDI6IEFzc2Fzc2luJ3MgQmFsbA=='),(16,4,'RHJhZ29uYmFsbCBFdm9sdXRpb24='),(16,4,'UGFzdG9yIEJyb3du'),(16,4,'TWV0ZW9y'),(16,4,'Tm9iZWwgU29u'),(16,4,'RmF0YWwgU2VjcmV0cw=='),(16,4,'RmluYWwgQXBwcm9hY2g='),(16,4,'TG9uZWx5IFN0cmVldA=='),(16,4,'U25vb3AgRG9nZydzIEhvb2Qgb2YgSG9ycm9y'),(16,4,'QWxsIEhhdA=='),(16,4,'VGhlIFN1cGVyIFBvd2VycyBUZWFtOiBHYWxhY3RpYyBHdWFyZGlhbnM='),(16,4,'TWFyaWx5biBIb3RjaGtpc3MgQmFsbHJvb20gRGFuY2luZyAmIENoYXJtIFNjaG9vbA=='),(16,4,'VGhlIFJvbiBDbGFyayBTdG9yeQ=='),(16,4,'RXZlcnl0aGluZydzIEpha2U='),(16,4,'SGFsZndheSBEZWNlbnQ='),(16,4,'RmlnaHRpbmcgdGhlIE9kZHM6IFRoZSBNYXJpbHluIEdhbWJyZWxsIFN0b3J5'),(16,4,'TWlzcyBDb25nZW5pYWxpdHkgMiAtIEFybWVkIGFuZCBGYWJ1bG91cw=='),(16,4,'TGFja2F3YW5uYSBCbHVlcw=='),(16,4,'Q29uZmVzc2lvbnMgb2YgYW4gQWN0aW9uIFN0YXI='),(16,4,'Q2xpZmZvcmQncyBSZWFsbHkgQmlnIE1vdmll'),(16,4,'QW5uZSBCLiBSZWFs'),(16,4,'QSBUb3duIFdpdGhvdXQgQ2hyaXN0bWFz'),(16,4,'VGhlIExhc3QgU2llZ2U='),(16,4,'V2Fsa2luZyBTaGFkb3c='),(16,4,'TWlzcyBDb25nZW5pYWxpdHk='),(16,4,'VGhlIFdhdGNoZXI='),(16,4,'UmVkIExldHRlcnM='),(16,4,'Tm93aGVyZSB0byBMYW5k'),(16,4,'U3RlYWx0aCBGaWdodGVy'),(16,4,'UGFwZXIgQnVsbGV0cw=='),(16,4,'U3RyYW5nZXIgaW4gdGhlIEtpbmdkb20='),(16,4,'TWljaGFlbCBKb3JkYW46IEFuIEFtZXJpY2FuIEhlcm8='),(16,4,'U2hhcmsgQXR0YWNr'),(16,4,'SW50ZXJjZXB0b3JzIChUaGUgTGFzdCBMaW5lIG9mIERlZmVuY2UpIChJbnRlcmNlcHRvciBGb3JjZSk='),(16,4,'V3JlY2tpbmcgQ3Jldw=='),(16,4,'Q2FuZHltYW46IERheSBvZiB0aGUgRGVhZA=='),(16,4,'SGlqYWNr'),(16,4,'U3RlYWx0aCBGaWdodGVy'),(16,4,'TWlyYWNsZSBvbiB0aGUgMTd0aCBHcmVlbg=='),(16,4,'T2N0b2JlciAyMg=='),(16,4,'TGV2aXRhdGlvbg=='),(16,4,'QmVzdCBvZiB0aGUgQmVzdDogV2l0aG91dCBXYXJuaW5nIChCZXN0IG9mIHRoZSBCZXN0IDQp'),(16,4,'TmV2ZXIgMiBCaWc='),(16,4,'TXIuIE1hZ29v'),(16,4,'T3BlcmF0aW9uIERlbHRhIEZvcmNl'),(16,4,'RmFraW4nIERhIEZ1bms='),(16,4,'VGhlIENoZXJva2VlIEtpZA=='),(16,4,'VG9ybmFkbyE='),(16,4,'Rm9yIFdoaWNoIEhlIFN0YW5kcw=='),(16,4,'SnVzdCBZb3VyIEx1Y2s='),(16,4,'Q29uZ28='),(16,4,'VGhlIFN1YnN0aXR1dGU='),(16,4,'VGhlIEJhc2tldGJhbGwgRGlhcmllcw=='),(16,4,'U3BlZWNobGVzcw=='),(16,4,'SW4gdGhlIEFybXkgTm93'),(16,4,'QWlyaGVhZHM='),(16,4,'VGhlIENvd2JveSBXYXk='),(16,4,'Tm8gRXNjYXBl'),(16,4,'U3VnYXIgSGlsbA=='),(16,4,'VGhlIENyb3c='),(16,4,'SGVhcnQgYW5kIFNvdWxz'),(16,4,'VGhlIEhhbmQgdGhhdCBSb2NrcyB0aGUgQ3JhZGxl'),(16,4,'RmluYWwgQXBwcm9hY2g='),(16,4,'R2hvc3RidXN0ZXJzIDI='),(16,4,'VHJhcHBlciBDb3VudHkgV2Fy'),(16,4,'Q29sbGlzaW9uIENvdXJzZQ=='),(16,4,'TGV2aWF0aGFu'),(16,4,'VGhlIERpcnR5IERvemVuOiBUaGUgRmF0YWwgTWlzc2lvbg=='),(16,4,'VGhlIFdyb25nIEd1eXM='),(16,4,'V2VlZHM='),(16,4,'TG92ZSBvbiB0aGUgUnVu'),(16,4,'SHVtYW4gVG9ybmFkbw=='),(16,4,'Sm95IG9mIFNleA=='),(16,4,'R2hvc3RidXN0ZXJzICgxOTg0IE9yaWdpbmFsKQ=='),(16,4,'Q2FsaWZvcm5pYSBHaXJscw=='),(16,4,'VHdvIG9mIGEgS2luZA=='),(16,4,'R29pbmcgQmVyc2Vyaw=='),(16,4,'U3BhY2VodW50ZXI6IEFkdmVudHVyZXMgaW4gdGhlIEZvcmJpZGRlbiBab25l'),(16,4,'UGVuaXRlbnRpYXJ5IDI='),(16,4,'TWF0dGVyIG9mIExpZmUgYW5kIERlYXRo'),(16,4,'VGhlIE9jdGFnb24='),(16,4,'V2hpdGUgTWFtYQ=='),(16,4,'VW5kZXJncm91bmQgQWNlcw=='),(16,4,'VGhlIE1haW4gRXZlbnQ='),(16,4,'Sm9uaQ=='),(16,4,'TWFkIEJ1bGw='),(17,4,'VGhlIExpb24gS2luZw=='),(17,4,'V2FybmluZyBTaG90'),(17,4,'Um9ndWUgT25lOiBBIFN0YXIgV2FycyBTdG9yeQ=='),(17,4,'VGhlIExpb24gR3VhcmQ6IFJldHVybiBvZiB0aGUgUm9hcg=='),(17,4,'QXVndXN0IFdpbHNvbjogVGhlIEdyb3VuZCBvbiBXaGljaCBJIFN0YW5k'),(17,4,'VGhlIEFuZ3JpZXN0IE1hbiBpbiBCcm9va2x5bg=='),(17,4,'R2ltbWUgU2hlbHRlcg=='),(17,4,'Sm9lIFBhcHAgSW4gRml2ZSBBY3Rz'),(17,4,'UXVhbnR1bSBRdWVzdDogQSBDYXNzaW5pIFNwYWNlIE9keXNzZXk='),(17,4,'SmFjayBhbmQgdGhlIEJlYW5zdGFsaw=='),(17,4,'RGlzbmV5bmF0dXJlIEVhcnRo'),(17,4,'V2VsY29tZSBIb21lIFJvc2NvZSBKZW5raW5z'),(17,4,'VGhlIE1hZ2ljIDc='),(17,4,'QWxpIFJhcA=='),(17,4,'VGhlIENsaW50b24gMTI='),(17,4,'U2NhcnkgTW92aWUgNA=='),(17,4,'VHJhaWwgb2YgVGVhcnM6IENoZXJva2VlIExlZ2FjeQ=='),(17,4,'U2VhcmNoaW5nIGZvciBPcnNvbg=='),(17,4,'QWZybyBQcm9tbw=='),(17,4,'VGhlIFJlYWRpbmcgUm9vbQ=='),(17,4,'U3RhciBXYXJzOiBFcGlzb2RlIElJSSAtIFJldmVuZ2Ugb2YgdGhlIFNpdGg='),(17,4,'R29kJ3MgVHJvbWJvbmVz'),(17,4,'Um9ib3Rz'),(17,4,'VGhlIFNhbmRsb3QgMg=='),(17,4,'Q2xheSBDbGFzc2ljczogR29kJ3MgVHJvbWJvbmVz'),(17,4,'UGF1bCBSb2Jlc29uOiBKYW1lcyBFYXJsIEpvbmVzIE9uZS1NYW4gU2hvdw=='),(17,4,'V2h5IE1vc3F1aXRvZXMgQnV6eiBpbiBQZW9wbGUncyBFYXJz'),(17,4,'TmluZSBEb2cgQ2hyaXN0bWFz'),(17,4,'QmxhY2sgSW5kaWFuczogQW4gQW1lcmljYW4gU3Rvcnk='),(17,4,'VW5mb3JnaXZhYmxlIEJsYWNrbmVzczogVGhlIFJpc2UgYW5kIEZhbGwgb2YgSmFjayBKb2huc29u'),(17,4,'U3RvcmllcyB0byBSZW1lbWJlciAtIE5vYWgncyBBcms='),(17,4,'QW1lcmljYW4gTGVnZW5kcw=='),(17,4,'TXVoYW1tYWQgQWxpOiBUaHJvdWdoIHRoZSBFeWVzIG9mIHRoZSBXb3JsZA=='),(17,4,'VGhlIEZlYXN0IG9mIEFsbCBTYWludHM='),(17,4,'RmluZGVyJ3MgRmVl'),(17,4,'UmVjZXNzIENocmlzdG1hczogTWlyYWNsZSBvbiBUaGlyZCBTdHJlZXQ='),(17,4,'VGhlIEFubmloaWxhdGlvbiBvZiBGaXNo'),(17,4,'RmFudGFzaWEgMjAwMA=='),(17,4,'U3VtbWVyJ3MgRW5k'),(17,4,'R3JpbSBQcmFpcmllIFRhbGVz'),(17,4,'QmxhY2sgSW5kaWFuczogQW4gQW1lcmljYW4gU3Rvcnk='),(17,4,'T3VyIEZyaWVuZCwgTWFydGlu'),(17,4,'U2FudGEgYW5kIFBldGU='),(17,4,'VW5kZXJjb3ZlciBBbmdlbA=='),(17,4,'U2lkbmV5IFBvaXRpZXI6IE9uZSBCcmlnaHQgTGlnaHQ='),(17,4,'VGFsZW50bw=='),(17,4,'QWxvbmU='),(17,4,'VGhlIExpb24gS2luZyBJSTogU2ltYmEncyBQcmlkZQ=='),(17,4,'TWVybGlu'),(17,4,'QmluZ28gTG9uZyBBbmQgSGlzIFRyYXZlbGluZyBBbGwgU3RhcnM='),(17,4,'V2hhdCB0aGUgRGVhZiBNYW4gSGVhcmQ='),(17,4,'R2FuZyBSZWxhdGVk'),(17,4,'Q2FzcGVyOiBBIFNwaXJpdGVkIEJlZ2lubmluZw=='),(17,4,'VGhlIFNlY29uZCBDaXZpbCBXYXI='),(17,4,'Q2VudHVyeSBvZiBCbGFjayBDaW5lbWE='),(17,4,'SG9ydG9uIEZvb3RlJ3MgQWxvbmU='),(17,4,'UmVib3VuZDogVGhlIExlZ2VuZCBvZiBFYXJsIHRoZSBHb2F0IE1hbmlnYXVsdA=='),(17,4,'R29vZCBMdWNr'),(17,4,'TG9va2luZyBmb3IgUmljaGFyZA=='),(17,4,'QSBGYW1pbHkgVGhpbmc='),(17,4,'RHJlYW1maWVsZA=='),(17,4,'VGltZXBpZWNl'),(17,4,'Q3J5LCB0aGUgQmVsb3ZlZCBDb3VudHJ5'),(17,4,'SnVkZ2UgRHJlZGQ='),(17,4,'SmVmZmVyc29uIGluIFBhcmlz'),(17,4,'UGVvcGxl'),(17,4,'TWFraW5nIG9mICdKdXJhc3NpYyBQYXJrJw=='),(17,4,'Q2xlYXIgYW5kIFByZXNlbnQgRGFuZ2Vy'),(17,4,'VGhlIExpb24gS2luZw=='),(17,4,'Q2xlYW4gU2xhdGU='),(17,4,'QWZyaWNhOiBUaGUgU2VyZW5nZXRp'),(17,4,'VGhlIE5ha2VkIEd1biAzMyAxLzM6IFRoZSBGaW5hbCBJbnN1bHQ='),(17,4,'VGhlIFZlcm5vbiBKb2hucyBTdG9yeQ=='),(17,4,'RHJlYW1yaWRlcg=='),(17,4,'VGhlIE1ldGVvciBNYW4='),(17,4,'RXhjZXNzaXZlIEZvcmNl'),(17,4,'VGhlIFNhbmRsb3Q='),(17,4,'U29tbWVyc2J5'),(17,4,'UmFtYXlhbmE6IFRoZSBMZWdlbmQgb2YgUHJpbmNlIFJhbWE='),(17,4,'UGVyY3kgYW5kIFRodW5kZXI='),(17,4,'U25lYWtlcnM='),(17,4,'UGF0cmlvdCBHYW1lcw=='),(17,4,'TGluY29sbjogTm93IEhlIEJlbG9uZ3MgdG8gdGhlIEFnZXMsIDE4NjU='),(17,4,'R3JlYXQgQmVhcnMgb2YgQWxhc2th'),(17,4,'TGluY29sbjogSSBXYW50IHRvIEZpbmlzaCBUaGlzIEpvYiwgMTg2NA=='),(17,4,'TGluY29sbjogVGhlIFBpdm90YWwgWWVhciwgMTg2Mw=='),(17,4,'TGluY29sbjogVGhlIE1ha2luZyBvZiBhIFByZXNpZGVudCwgMTg2MC0xODYy'),(17,4,'U2hlbGxleSBEdXZhbGwncyBCZWR0aW1lIFN0b3JpZXM='),(17,4,'U3RvcmllcyBGcm9tIHRoZSBCbGFjayBUcmFkaXRpb24='),(17,4,'U3RvcmllcyB0byBSZW1lbWJlcg=='),(17,4,'VHJ1ZSBJZGVudGl0eQ=='),(17,4,'U2NvcmNoZXJz'),(17,4,'SkZLIENvbnNwaXJhY3k='),(17,4,'R3JlYXRlc3QgQWR2ZW50dXJlIFN0b3JpZXMgZnJvbSB0aGUgQmlibGU6IFF1ZWVuIEVzdGhlcg=='),(17,4,'VGhlIEFtYnVsYW5jZQ=='),(17,4,'SGVhdCBXYXZl'),(17,4,'VGhlIExhc3QgRWxlcGhhbnQ='),(17,4,'QnkgRGF3bidzIEVhcmx5IExpZ2h0'),(17,4,'VGhlIEh1bnQgZm9yIFJlZCBPY3RvYmVy'),(17,4,'Q29udmljdHM='),(17,4,'VGVycm9yZ3JhbQ=='),(17,4,'TGFzdCBGbGlnaHQgT3V0'),(17,4,'QmVzdCBvZiB0aGUgQmVzdA=='),(17,4,'RmllbGQgb2YgRHJlYW1z'),(17,4,'VGhyZWUgRnVnaXRpdmVz'),(17,4,'SkZLOiBUaGUgRGF5IHRoZSBOYXRpb24gQ3JpZWQ='),(17,4,'Q29taW5nIHRvIEFtZXJpY2E='),(17,4,'UGlub2NjaGlvIGFuZCB0aGUgRW1wZXJvciBvZiB0aGUgTmlnaHQ='),(17,4,'TWF0ZXdhbjogQSBMdXRhIEZpbmFs'),(17,4,'TXkgTGl0dGxlIEdpcmw='),(17,4,'R2FyZGVucyBvZiBTdG9uZQ=='),(17,4,'SGFyZCBSb2FkIHRvIEdsb3J5OiAxOTg4'),(17,4,'U291bCBNYW4='),(17,4,'QWxsYW4gUXVhdGVybWFpbiBhbmQgdGhlIExvc3QgQ2l0eSBvZiBHb2xk'),(17,4,'R3JlYXQgQmlibGUgU3RvcmllczogTW9zZXM='),(17,4,'Q2l0eSBMaW1pdHM='),(17,4,'R3JlYXRlc3QgQWR2ZW50dXJlOiBTdG9yaWVzIGZyb20gdGhlIEJpYmxl'),(17,4,'VGhlIEF0bGFudGEgQ2hpbGQgTXVyZGVycw=='),(17,4,'VGhlIFZlZ2FzIFN0cmlwIFdhcnM='),(17,4,'U3RhciBXYXJzOiBFcGlzb2RlIFZJIC0gUmV0dXJuIG9mIHRoZSBKZWRp'),(17,4,'Qmxvb2QgVGlkZSAoRGVtb24gSXNsYW5kKSAoVGhlIFJlZCBUaWRlKSAoQmxvb2R0aWRlKQ=='),(17,4,'Q29uYW4gdGhlIEJhcmJhcmlhbg=='),(17,4,'VGhlIEZsaWdodCBvZiBEcmFnb25z'),(17,4,'QW15IGFuZCB0aGUgQW5nZWw='),(17,4,'U3RhciBXYXJzOiBFcGlzb2RlIFYgLSBUaGUgRW1waXJlIFN0cmlrZXMgQmFjaw=='),(17,4,'R3V5YW5hIFRyYWdlZHk6IFRoZSBTdG9yeSBvZiBKaW0gSm9uZXM='),(17,4,'VGhlIEJ1c2hpZG8gQmxhZGU='),(17,4,'U3RhciBXYXJzOiBIb2xpZGF5IFNwZWNpYWw='),(17,4,'VGhlIExhc3QgUmVtYWtlIG9mIEJlYXUgR2VzdGU='),(17,4,'U3RhciBXYXJzOiBFcGlzb2RlIElWIC0gQSBOZXcgSG9wZQ=='),(17,4,'RXhvcmNpc3QgSUk6IFRoZSBIZXJldGlj'),(17,4,'QSBQaWVjZSBvZiB0aGUgQWN0aW9u'),(17,4,'VGhlIEdyZWF0ZXN0'),(17,4,'VGhlIEJpbmdvIExvbmcgVHJhdmVsaW5nIEFsbC1TdGFycyAmIE1vdG9yIEtpbmdz'),(17,4,'VGhlIFJpdmVyIE5pZ2Vy'),(17,4,'U3dhc2hidWNrbGVy'),(17,4,'RGVhZGx5IEhlcm8='),(17,4,'VGhlIFVGTyBJbmNpZGVudA=='),(17,4,'S2luZyBMZWFy'),(17,4,'Q2xhdWRpbmU='),(17,4,'VGhlIE1hbg=='),(17,4,'TWFsY29sbSBY'),(17,4,'TWFsY29sbSBY'),(17,4,'VGhlIEdyZWF0IFdoaXRlIEhvcGU='),(17,4,'S2luZzogQSBGaWxtZWQgUmVjb3JkLi4uTW9udGdvbWVyeSB0byBNZW1waGlz'),(17,4,'RW5kIG9mIHRoZSBSb2Fk'),(17,4,'VGhlIENvbWVkaWFucw=='),(17,4,'RHIuIFN0cmFuZ2Vsb3ZlIE9yIEhvdyBJIExlYXJuZWQgdG8gU3RvcCBXb3JyeWluZyBhbmQgTG92ZSB0aGUgQm9tYg=='),(17,4,'RWJvbnkgRWxlZ2FuY2U='),(17,4,'TG9uZSBTdGFyIEtpZA=='),(18,4,'RGFyayBQaG9lbml4'),(18,4,'UmVkIFNwYXJyb3c='),(18,4,'bW90aGVyIQ=='),(18,4,'TWFyaXRh'),(18,3,'TWFyaXRh'),(18,4,'UGFzc2VuZ2Vycw=='),(18,4,'WC1NZW46IEFwb2NhbHlwc2U='),(18,4,'QSBCZWF1dGlmdWwgUGxhbmV0'),(18,4,'VGhlIEh1bmdlciBHYW1lczogQ29tcGxldGUgNC1GaWxtIENvbGxlY3Rpb24='),(18,4,'Sm95'),(18,4,'VGhlIEh1bmdlciBHYW1lczogTW9ja2luZ2pheSAtIFBhcnQgMg=='),(18,4,'RGlvciBhbmQgSQ=='),(18,4,'U2VyZW5h'),(18,4,'VGhlIEh1bmdlciBHYW1lczogTW9ja2luZ2pheSAtIFBhcnQgMQ=='),(18,4,'WC1NZW46IERheXMgb2YgRnV0dXJlIFBhc3Q='),(18,4,'WC1NZW46IERheXMgb2YgRnV0dXJlIFBhc3QgKFJvZ3VlIEN1dCk='),(18,4,'QW1lcmljYW4gSHVzdGxl'),(18,4,'VGhlIEh1bmdlciBHYW1lczogQ2F0Y2hpbmcgRmlyZQ=='),(18,4,'VGhlIERldmlsIFlvdSBLbm93'),(18,4,'VW50aXRsZWQgSWNlIEN1YmUvRGF2aWQgTy4gUnVzc2VsbCBQcm9qZWN0'),(18,4,'U2lsdmVyIExpbmluZ3MgUGxheWJvb2s='),(18,4,'SG91c2UgYXQgdGhlIEVuZCBvZiB0aGUgU3RyZWV0'),(18,4,'VGhlIEh1bmdlciBHYW1lcw=='),(18,4,'TGlrZSBDcmF6eQ=='),(18,4,'WC1NZW46IEZpcnN0IENsYXNz'),(18,4,'VGhlIEJlYXZlcg=='),(18,4,'V2ludGVyJ3MgQm9uZQ=='),(18,4,'VGhlIEJ1cm5pbmcgUGxhaW4='),(18,4,'VGhlIFBva2VyIEhvdXNl'),(19,4,'TW9uc3Rlcg=='),(19,4,'U2FuZHkgV2V4bGVy'),(19,4,'U2luZw=='),(19,4,'SGFpcnNwcmF5IExpdmUh'),(19,4,'Q29uZmlybWF0aW9u'),(19,4,'Q2hpLVJhcQ=='),(19,4,'U3RldmllIFdvbmRlcjogU29uZ3MgaW4gdGhlIEtleSBvZiBMaWZlIC0gQW4gQWxsLVN0YXIgR3JhbW15IFNhbHV0ZQ=='),(19,4,'T3ByYWggR29lcyB0byBCcm9hZHdheTogVGhlIENvbG9yIFB1cnBsZQ=='),(19,4,'THVsbGFieQ=='),(19,4,'QmxhY2sgTmF0aXZpdHk='),(19,4,'VGhlIEluZXZpdGFibGUgRGVmZWF0IG9mIE1pc3RlciAmIFBldGU='),(19,4,'V2lubmllIE1hbmRlbGE='),(19,4,'V2lubmllIChXaW5uaWUgTWFuZGVsYSk='),(19,4,'Q2FsbCBNZSBDcmF6eTogQSBGaXZlIEZpbG0='),(19,4,'VGhlIFRocmVlIFN0b29nZXM='),(19,4,'V2UgV2lsbCBBbHdheXMgTG92ZSBZb3U6IEEgR3JhbW15IFNhbHV0ZSB0byBXaGl0bmV5IEhvdXN0b24='),(19,4,'QWx3YXlzIFdoaXRuZXkgSG91c3Rvbg=='),(19,4,'VGhlIFNlY3JldCBMaWZlIG9mIEJlZXM='),(19,4,'RnJhZ21lbnRz'),(19,4,'U2V4IGFuZCB0aGUgQ2l0eQ=='),(19,4,'RHJlYW1naXJscw=='),(19,4,'TmF0aW9uYWwgTGFtcG9vbidzIFB1Y2tlZA=='),(20,4,'R2lybHMgVHJpcA=='),(20,4,'RmxpbnQ='),(20,4,'SWNlIEFnZTogQ29sbGlzaW9uIENvdXJzZQ=='),(20,3,'VGhlIFJlYWwgTVZQOiBUaGUgV2FuZGEgRHVyYW50IFN0b3J5'),(20,4,'SWNlIEFnZTogVGhlIEdyZWF0IEVnZy1TY2FwYWRl'),(20,4,'TWlyYWNsZXMgZnJvbSBIZWF2ZW4='),(20,3,'VGhlIFBlcmZlY3QgTWF0Y2g='),(20,3,'U2VjcmV0cyBvZiBFbWlseSBCbGFpcg=='),(20,3,'QnJvdGhlcmx5IExvdmU='),(20,3,'Tm92ZW1iZXIgUnVsZQ=='),(20,3,'QmVzc2ll'),(20,4,'VGhlIFdpeiBMaXZlIQ=='),(20,4,'SG91c2UgT2YgQm9kaWVz'),(20,3,'SG91c2UgT2YgQm9kaWVz'),(20,3,'SG91c2UgT2YgQm9kaWVz'),(20,3,'UGVyY2VudGFnZQ=='),(20,4,'SWNlIEFnZTogQSBNYW1tb3RoIENocmlzdG1hcw=='),(20,4,'SWNlIEFnZTogQ29udGluZW50YWwgRHJpZnQ='),(20,4,'U3RyZWV0IERvZ3MgT2YgU291dGggQ2VudHJhbA=='),(20,4,'Sm95ZnVsIE5vaXNl'),(20,3,'Sm95ZnVsIE5vaXNl'),(20,4,'U3RlZWwgTWFnbm9saWFzICgyMDEyKQ=='),(20,4,'SGFpcnNwcmF5IDI='),(20,4,'U3RlZWwgTWFnbm9saWFz'),(20,3,'U3RlZWwgTWFnbm9saWFz'),(20,4,'VGhlIERpbGVtbWE='),(20,3,'SnVzdCBXcmlnaHQ='),(20,4,'SnVzdCBXcmlnaHQ='),(20,4,'VmFsZW50aW5lJ3MgRGF5'),(20,4,'ODJuZCBBbm51YWwgQWNhZGVteSBBd2FyZHM='),(20,4,'SWNlIEFnZTogRGF3biBvZiB0aGUgRGlub3NhdXJzIChJY2UgQWdlIDMp'),(20,4,'VGhlIFNlY3JldCBMaWZlIG9mIEJlZXM='),(20,4,'V2hhdCBIYXBwZW5zIGluIFZlZ2Fz'),(20,4,'TWFkIE1vbmV5'),(20,4,'VGhlIFBlcmZlY3QgSG9saWRheQ=='),(20,3,'VGhlIFBlcmZlY3QgSG9saWRheQ=='),(20,4,'QXJjdGljIFRhbGU='),(20,3,'V2hvJ3MgWW91ciBDYWRkeT8='),(20,4,'SGFpcnNwcmF5'),(20,4,'U3RyYW5nZXIgVGhhbiBGaWN0aW9u'),(20,3,'TGlmZSBTdXBwb3J0'),(20,4,'TGlmZSBTdXBwb3J0'),(20,3,'VGhlIEhpcCBIb3AgUHJvamVjdA=='),(20,4,'SWNlIEFnZSAyOiBUaGUgTWVsdGRvd24='),(20,4,'TGFzdCBIb2xpZGF5'),(20,4,'VGhlIE11cHBldHMnIFdpemFyZCBvZiBPeg=='),(20,3,'QmVhdXR5IFNob3A='),(20,4,'QmVhdXR5IFNob3A='),(20,4,'UXVlZW4gTGF0aWZhaDogVW5hdXRob3JpemVk'),(20,4,'VGF4aQ=='),(20,3,'VGhlIENvb2tvdXQ='),(20,1,'VGhlIENvb2tvdXQ='),(20,4,'VGhlIENvb2tvdXQ='),(20,3,'VGhlIENvb2tvdXQ='),(20,3,'TGV0IHRoZSBDaHVyY2ggU2F5IEFtZW4='),(20,4,'U2VzYW1lIFN0cmVldDogV2hhdCdzIHRoZSBOYW1lIG9mIFRoYXQgU29uZw=='),(20,4,'QmFyYmVyc2hvcCAyOiBCYWNrIGluIEJ1c2luZXNz'),(20,4,'U2NhcnkgTW92aWUgMw=='),(20,3,'QnJpbmdpbmcgRG93biB0aGUgSG91c2U='),(20,4,'QnJpbmdpbmcgRG93biB0aGUgSG91c2U='),(20,4,'Q2hpY2Fnbw=='),(20,4,'UGlub2NjaGlv'),(20,4,'UGlub2NjaGlv'),(20,4,'QnJvd24gU3VnYXI='),(20,4,'VGhlIENvdW50cnkgQmVhcnM='),(20,4,'TWFtYSBBZnJpY2E6IEdyb3dpbmcgVXAgVXJiYW4='),(20,4,'VGFsa2luZyB0byBIZWF2ZW4gKExpdmluZyB3aXRoIHRoZSBEZWFkKQ=='),(20,4,'QnJhbmR5OiBUaGUgVmlkZW9z'),(20,4,'QnJpbmdpbmcgT3V0IHRoZSBEZWFk'),(20,4,'TWFtYSBGbG9yYSdzIEZhbWlseQ=='),(20,4,'Qm9iIE1hcmxleSAtIE9uZSBMb3ZlOiBUaGUgQm9iIE1hcmxleSBBbGwtU3RhciBUcmlidXRlIENvbmNlcnQ='),(20,4,'TGl2aW5nIE91dCBMb3Vk'),(20,4,'U3BoZXJl'),(20,4,'QnJlYWtpbmcgT3V0IC0gVGhlIEFsY2F0cmF6IENvbmNlcnQgTGl2ZSE='),(20,4,'SG9vZGx1bQ=='),(20,4,'U2V0IEl0IE9mZg=='),(20,4,'TXkgTGlmZQ=='),(20,4,'V2hvJ3MgdGhlIE1hbj8='),(20,4,'SnVpY2U='),(20,4,'SG91c2UgUGFydHkgMg=='),(20,4,'SnVuZ2xlIEZldmVy'),(21,4,'VGhlIE11bGU='),(21,1,'QSBTdGFyIElzIEJvcm4='),(21,4,'QSBTdGFyIElzIEJvcm4='),(21,3,'QSBTdGFyIElzIEJvcm4='),(21,2,'QSBTdGFyIElzIEJvcm4='),(21,4,'QXZlbmdlcnM6IEluZmluaXR5IFdhcg=='),(21,4,'R3VhcmRpYW5zIG9mIHRoZSBHYWxheHkgVm9sLiAy'),(21,3,'V2FyIERvZ3M='),(21,4,'V2FyIERvZ3M='),(21,4,'MTAgQ2xvdmVyZmllbGQgTGFuZQ=='),(21,3,'QW1lcmljYW4gQmxvb2Q='),(21,4,'QW1lcmljYW4gQmxvb2Q='),(21,4,'Sm95'),(21,4,'QnVybnQ='),(21,4,'QWxvaGE='),(21,4,'U2VyZW5h'),(21,4,'QW1lcmljYW4gU25pcGVy'),(21,3,'QW1lcmljYW4gU25pcGVy'),(21,4,'SHVycmljYW5lIE9mIEZ1bjogVGhlIE1ha2luZyBPZiBXZXQgSG90'),(21,4,'R3VhcmRpYW5zIG9mIHRoZSBHYWxheHk='),(21,3,'QW1lcmljYW4gSHVzdGxl'),(21,4,'QW1lcmljYW4gSHVzdGxl'),(21,4,'VGhlIEhhbmdvdmVyIFBhcnQgSUlJ'),(21,4,'VGhlIFBsYWNlIEJleW9uZCBUaGUgUGluZXM='),(21,4,'VW50aXRsZWQgSWNlIEN1YmUvRGF2aWQgTy4gUnVzc2VsbCBQcm9qZWN0'),(21,4,'UGFyYWRpc2UgTG9zdA=='),(21,4,'U2lsdmVyIExpbmluZ3MgUGxheWJvb2s='),(21,3,'U2lsdmVyIExpbmluZ3MgUGxheWJvb2s='),(21,4,'VGhlIFdvcmRz'),(21,3,'VGhlIFdvcmRz'),(21,4,'SGl0ICYgUnVu'),(21,4,'VGhlIEhhbmdvdmVyIFBhcnQgSUk='),(21,4,'QnJvdGhlcidzIEp1c3RpY2U='),(21,4,'TGltaXRsZXNz'),(21,3,'TGltaXRsZXNz'),(21,4,'Q2FzZSAzOQ=='),(21,4,'VGhlIEEtVGVhbQ=='),(21,4,'VmFsZW50aW5lJ3MgRGF5'),(21,4,'TmV3IFlvcmssIEkgTG92ZSBZb3U='),(21,4,'QWxsIEFib3V0IFN0ZXZl'),(21,4,'VGhlIEhhbmdvdmVy'),(21,4,'SGUncyBKdXN0IE5vdCBUaGF0IEludG8gWW91'),(21,4,'WWVzIE1hbg=='),(21,4,'VGhlIE1pZG5pZ2h0IE1lYXQgVHJhaW4='),(21,4,'VGhlIFJvY2tlcg=='),(21,4,'T2xkZXIgVGhhbiBBbWVyaWNh'),(21,4,'VGhlIENvbWViYWNrcw=='),(21,4,'RmFpbHVyZSB0byBMYXVuY2g='),(21,4,'V2VkZGluZyBDcmFzaGVycw=='),(21,4,'SSBXYW50IHRvIE1hcnJ5IFJ5YW4gQmFua3M='),(21,4,'VGhlIExhc3QgQ293Ym95'),(21,4,'QmVuZGluZyBBbGwgVGhlIFJ1bGVz'),(21,4,'Q2hhbmdpbmcgTGFuZXM='),(21,4,'TXkgTGl0dGxlIEV5ZQ=='),(21,4,'V2V0IEhvdCBBbWVyaWNhbiBTdW1tZXI='),(22,4,'R25vbWUgQWxvbmU='),(22,4,'Q2hyb25pY2FsbHkgTWV0cm9wb2xpdGFu'),(22,4,'VGFrZSB0aGUgMTA='),(22,4,'SWNlIEFnZTogQ29sbGlzaW9uIENvdXJzZQ=='),(22,4,'Q2FwdGFpbiBBbWVyaWNhOiBDaXZpbCBXYXI='),(22,4,'SWNlIEFnZTogVGhlIEdyZWF0IEVnZy1TY2FwYWRl'),(22,4,'RGFubnkgQ29sbGlucw=='),(22,4,'VGhlIFdlZGRpbmcgUmluZ2Vy'),(22,4,'VGhlIFRpbWJlcg=='),(22,4,'SnVuZ2xlIE1hc3Rlcg=='),(22,4,'QmF0dGxlIG9mIHRoZSBZZWFy'),(22,4,'SWNlIEFnZTogQSBNYW1tb3RoIENocmlzdG1hcw=='),(22,4,'UmVkIERhd24='),(22,4,'SWNlIEFnZTogQ29udGluZW50YWwgRHJpZnQ='),(22,4,'QVRN'),(22,4,'QWxpZW5zIGluIHRoZSBBdHRpYw=='),(22,4,'SWNlIEFnZTogRGF3biBvZiB0aGUgRGlub3NhdXJzIChJY2UgQWdlIDMp'),(22,4,'V2hhdCBHb2VzIFVw'),(22,4,'QW1lcmljYW4gUHJpbWl0aXZlIChPbmNlIGluIGEgVmVyeSBCbHVlIE1vb24p'),(22,4,'TWVycnkgQ2hyaXN0bWFzLCBEcmFrZSAmIEpvc2g='),(22,3,'TWVycnkgQ2hyaXN0bWFzLCBEcmFrZSAmIEpvc2g='),(22,4,'VGhlIFdhY2tuZXNz'),(22,4,'RHJpbGxiaXQgVGF5bG9y'),(22,4,'RHJha2UgJiBKb3NoIGluIE5ldyBZb3Jr'),(22,4,'RHJha2UgJiBKb3NoOiBSZWFsbHkgQmlnIFNocmltcA=='),(22,4,'SWNlIEFnZSAyOiBUaGUgTWVsdGRvd24='),(22,4,'U3BlY2lhbA=='),(22,4,'RHJha2UgJiBKb3NoIEdvIEhvbGx5d29vZA=='),(22,4,'SGF2b2M='),(22,4,'TWVhbiBDcmVlaw=='),(22,4,'U3B1bg=='),(22,4,'TWF4IEtlZWJsZSdzIEJpZyBNb3Zl'),(22,4,'U25vdyBEYXk='),(22,4,'VGhlIE5ld2NvbWVycw=='),(23,3,'UGFjaWZpYyBSaW0gVXByaXNpbmc='),(23,4,'UGFjaWZpYyBSaW0gVXByaXNpbmc='),(23,4,'U3RhciBXYXJzOiBUaGUgTGFzdCBKZWRp'),(23,4,'RGV0cm9pdA=='),(23,4,'VGhlIENpcmNsZQ=='),(23,4,'U3RhciBXYXJzOiBFcGlzb2RlIFZJSSAtIFRoZSBGb3JjZSBBd2FrZW5z'),(23,4,'SGFsZiBvZiBhIFllbGxvdyBTdW4='),(23,4,'SW1wZXJpYWwgRHJlYW1z'),(23,4,'SnVua2hlYXJ0cw=='),(23,4,'QXR0YWNrIHRoZSBCbG9jaw=='),(24,4,'Q2hhb3MgV2Fsa2luZw=='),(24,4,'UGV0ZXIgUmFiYml0'),(24,4,'UGV0ZXIgUmFiYml0IFdpdGggRGFuY2UgQWxvbmc='),(24,4,'T3BoZWxpYQ=='),(24,4,'U3RhciBXYXJzOiBUaGUgTGFzdCBKZWRp'),(24,4,'TXVyZGVyIE9uIFRoZSBPcmllbnQgRXhwcmVzcw=='),(24,4,'VGhlIEVhZ2xlIEh1bnRyZXNz'),(24,3,'VGhlIEVhZ2xlIEh1bnRyZXNz'),(24,4,'U3RhciBXYXJzOiBFcGlzb2RlIFZJSSAtIFRoZSBGb3JjZSBBd2FrZW5z'),(24,4,'T25seSBZZXN0ZXJkYXk='),(25,4,'SW5kaWFuYSBKb25lcyA1'),(25,4,'QmxhZGUgUnVubmVyIDIwNDk='),(25,4,'U3RhciBXYXJzOiBFcGlzb2RlIFZJSSAtIFRoZSBGb3JjZSBBd2FrZW5z'),(25,4,'VGhlIEFnZSBvZiBBZGFsaW5l'),(25,4,'TGl2aW5nIGluIHRoZSBBZ2Ugb2YgQWlycGxhbmVz'),(25,4,'VGhlIEV4cGVuZGFibGVzIDM='),(25,4,'RGFsYWkgTGFtYSBBd2FrZW5pbmc='),(25,4,'QW5jaG9ybWFuIDI6IFRoZSBMZWdlbmQgQ29udGludWVz'),(25,4,'RW5kZXIncyBHYW1l'),(25,4,'UGFyYW5vaWE='),(25,4,'RHJldzogVGhlIE1hbiBCZWhpbmQgVGhlIFBvc3Rlcg=='),(25,4,'NDI='),(25,4,'TWlsaXVz'),(25,4,'Rmx5aW5nIFRoZSBGZWF0aGVyZWQgRWRnZTogVGhlIEJvYiBIb292ZXIgUHJvamVjdA=='),(25,4,'Q293Ym95cyAmIEFsaWVucw=='),(25,4,'TW9ybmluZyBHbG9yeQ=='),(25,3,'RXh0cmFvcmRpbmFyeSBNZWFzdXJlcw=='),(25,4,'RXh0cmFvcmRpbmFyeSBNZWFzdXJlcw=='),(25,4,'QnJ1bm8='),(25,4,'Q3Jvc3NpbmcgT3Zlcg=='),(25,4,'SW5kaWFuYSBKb25lcyBhbmQgdGhlIEtpbmdkb20gb2YgdGhlIENyeXN0YWwgU2t1bGw='),(25,4,'Tk9WQQ=='),(25,4,'RGFsYWkgTGFtYSBSZW5haXNzYW5jZQ=='),(25,4,'RGlzY292ZXIgSGV0Y2ggSGV0Y2h5'),(25,4,'RmlyZXdhbGw='),(25,4,'TGF0ZSBOaWdodCBXaXRoIENvbmFuIE8nQnJpZW4gLSAxMHRoIEFubml2ZXJzYXJ5IFNwZWNpYWw='),(25,4,'SG9sbHl3b29kIEhvbWljaWRl'),(25,4,'U2VhcmNoIEZvciBMaWZlOiBBcmUgd2UgQWxvbmU/'),(25,4,'Sy0xOTogVGhlIFdpZG93bWFrZXI='),(25,3,'Sy0xOTogVGhlIFdpZG93bWFrZXI='),(25,4,'QXBvY2FseXBzZSBOb3cgUmVkdXg='),(25,4,'TG9zdCBXb3JsZHM6IExpZmUgaW4gdGhlIEJhbGFuY2U='),(25,4,'V2hhdCBMaWVzIEJlbmVhdGg='),(25,4,'UmFuZG9tIEhlYXJ0cw=='),(25,4,'QnJhZCBQaXR0OiBIb2xseXdvb2QgSHVuaw=='),(25,4,'VGhlIFN0YXJzIG9mIFN0YXIgV2FyczogSW50ZXJ2aWV3cyBmcm9tIHRoZSBDYXN0'),(25,4,'SmFuZSBHb29kYWxsOiBSZWFzb24gZm9yIEhvcGU='),(25,4,'VW5hdXRob3JpemVkIFN0YXIgV2FycyBTdG9yeQ=='),(25,4,'U2l4IERheXMsIFNldmVuIE5pZ2h0cw=='),(25,4,'TXVzdGFuZzogVGhlIEhpZGRlbiBLaW5nZG9t'),(25,4,'QWlyIEZvcmNlIE9uZQ=='),(25,4,'VGhlIERldmlsJ3MgT3du'),(25,4,'U2FicmluYQ=='),(25,4,'T25lIEh1bmRyZWQgYW5kIE9uZSBOaWdodHM='),(25,4,'Q2xlYXIgYW5kIFByZXNlbnQgRGFuZ2Vy'),(25,4,'SmltbXkgSG9sbHl3b29k'),(25,4,'VGhlIEZ1Z2l0aXZl'),(25,4,'TCdVbml2ZXJzIGRlIEphY3F1ZXMgRGVteSAoVGhlIFVuaXZlcnNlIG9mIEphY3F1ZXMgRGVteSkoVGhlIFdvcmxkIG9mIEphY3F1ZXMgRGVteSk='),(25,4,'UGF0cmlvdCBHYW1lcw=='),(25,4,'UmVnYXJkaW5nIEhlbnJ5'),(25,4,'UHJlc3VtZWQgSW5ub2NlbnQ='),(25,4,'SW5kaWFuYSBKb25lcyBhbmQgdGhlIExhc3QgQ3J1c2FkZQ=='),(25,4,'V29ya2luZyBHaXJs'),(25,4,'RnJhbnRpYw=='),(25,4,'VGhlIE1vc3F1aXRvIENvYXN0'),(25,4,'V2l0bmVzcw=='),(25,4,'SW5kaWFuYSBKb25lcyBhbmQgdGhlIFRlbXBsZSBvZiBEb29t'),(25,4,'U3RhciBXYXJzOiBFcGlzb2RlIFZJIC0gUmV0dXJuIG9mIHRoZSBKZWRp'),(25,4,'RnJvbSBTdGFyIFdhcnMgdG8gSmVkaSAtIFRoZSBNYWtpbmcgb2YgYSBTYWdh'),(25,4,'QmxhZGUgUnVubmVy'),(25,4,'UmV0dXJuIG9mIHRoZSBFd29r'),(25,4,'QmxhZGUgUnVubmVyIChUaGUgRmluYWwgQ3V0KQ=='),(25,4,'UmFpZGVycyBvZiB0aGUgTG9zdCBBcms='),(25,4,'U3RhciBXYXJzOiBFcGlzb2RlIFYgLSBUaGUgRW1waXJlIFN0cmlrZXMgQmFjaw=='),(25,4,'TW9yZSBBbWVyaWNhbiBHcmFmZml0aQ=='),(25,4,'VGhlIEZyaXNjbyBLaWQ='),(25,4,'QXBvY2FseXBzZSBOb3c='),(25,4,'SGFub3ZlciBTdHJlZXQ='),(25,4,'Rm9yY2UgMTAgRnJvbSBOYXZhcm9uZQ=='),(25,4,'U3RhciBXYXJzOiBIb2xpZGF5IFNwZWNpYWw='),(25,4,'SGVyb2Vz'),(25,4,'U3RhciBXYXJzOiBFcGlzb2RlIElWIC0gQSBOZXcgSG9wZQ=='),(25,4,'VGhlIFBvc3Nlc3NlZA=='),(25,4,'SmFtZXMgQS4gTWljaGVuZXIncyBEeW5hc3R5'),(25,4,'SnVkZ2VtZW50OiBUaGUgQ291cnQgTWFydGlhbCBvZiBMdC4gV2lsbGlhbSBDYWxsZXk='),(25,4,'VGhlIENvbnZlcnNhdGlvbg=='),(25,4,'QW1lcmljYW4gR3JhZmZpdGk='),(25,4,'R2V0dGluZyBTdHJhaWdodA=='),(25,4,'WmFicmlza2llIFBvaW50'),(25,4,'Sm91cm5leSB0byBTaGlsb2g='),(25,4,'QSBUaW1lIGZvciBLaWxsaW5n'),(25,4,'THV2'),(25,4,'RGVhZCBIZWF0IG9uIGEgTWVycnktR28tUm91bmQ=');
/*!40000 ALTER TABLE `rolesToCelebToMovie` ENABLE KEYS */;
UNLOCK TABLES;
/*!40103 SET TIME_ZONE=@OLD_TIME_ZONE */;

/*!40101 SET SQL_MODE=@OLD_SQL_MODE */;
/*!40014 SET FOREIGN_KEY_CHECKS=@OLD_FOREIGN_KEY_CHECKS */;
/*!40014 SET UNIQUE_CHECKS=@OLD_UNIQUE_CHECKS */;
/*!40101 SET CHARACTER_SET_CLIENT=@OLD_CHARACTER_SET_CLIENT */;
/*!40101 SET CHARACTER_SET_RESULTS=@OLD_CHARACTER_SET_RESULTS */;
/*!40101 SET COLLATION_CONNECTION=@OLD_COLLATION_CONNECTION */;
/*!40111 SET SQL_NOTES=@OLD_SQL_NOTES */;

-- Dump completed on 2018-10-31 22:36:31
